<?xml version = '1.0' encoding = 'UTF-8'?>
<Relation class="oracle.dbtools.crest.model.design.logical.Relation" name="publicaciones" directorySegmentName="seg_0" id="30095807-CD45-B42D-621B-49277240988B">
<createdBy>Kike</createdBy>
<createdTime>2022-04-06 16:55:39 UTC</createdTime>
<ownerDesignName>model_relacional</ownerDesignName>
<engineerTo>
<item key="05E35072-E42B-968E-22E7-539F8044F70A" value="true"/>
</engineerTo>
<sourcePk>7189DD6C-BD10-C091-93C3-0A57A18440B0</sourcePk>
<targetPk>D46EAC59-F6EE-4692-8FB7-DD4508CFC418</targetPk>
<identifying>false</identifying>
<optionalSource>true</optionalSource>
<optionalTarget>false</optionalTarget>
<sourceCardinality>1</sourceCardinality>
<sourceEntity>EE3C4247-5398-42DA-0374-46E33ED335AD</sourceEntity>
<targetCardinalityString>*</targetCardinalityString>
<targetEntity>ADB26BB4-F562-1FBC-B243-C965E311252C</targetEntity>
<transferable>true</transferable>
<deleteRule>NO ACTION</deleteRule>
</Relation>