<?xml version = '1.0' encoding = 'UTF-8'?>
<Relation class="oracle.dbtools.crest.model.design.logical.Relation" name="comentariosv1" directorySegmentName="seg_0" id="31003325-9116-60E4-06CD-A9FAF6BCFAA2">
<createdBy>Kike</createdBy>
<createdTime>2022-04-06 16:59:03 UTC</createdTime>
<ownerDesignName>model_relacional</ownerDesignName>
<engineerTo>
<item key="05E35072-E42B-968E-22E7-539F8044F70A" value="true"/>
</engineerTo>
<sourcePk>7189DD6C-BD10-C091-93C3-0A57A18440B0</sourcePk>
<identifying>false</identifying>
<optionalSource>true</optionalSource>
<optionalTarget>false</optionalTarget>
<sourceCardinality>1</sourceCardinality>
<sourceEntity>EE3C4247-5398-42DA-0374-46E33ED335AD</sourceEntity>
<targetCardinalityString>*</targetCardinalityString>
<targetEntity>5D93E94E-D4C0-13A4-7A3F-2A3B2EE1AFF0</targetEntity>
<transferable>true</transferable>
<deleteRule>NO ACTION</deleteRule>
</Relation>