<?xml version = '1.0' encoding = 'UTF-8'?>
<Relation class="oracle.dbtools.crest.model.design.logical.Relation" name="imagenes" directorySegmentName="seg_0" id="3EEB2A85-7844-0879-BB7F-0B5FA4949745">
<createdBy>Kike</createdBy>
<createdTime>2022-04-06 17:01:14 UTC</createdTime>
<ownerDesignName>model_relacional</ownerDesignName>
<engineerTo>
<item key="05E35072-E42B-968E-22E7-539F8044F70A" value="true"/>
</engineerTo>
<sourcePk>D46EAC59-F6EE-4692-8FB7-DD4508CFC418</sourcePk>
<identifying>false</identifying>
<optionalSource>true</optionalSource>
<optionalTarget>false</optionalTarget>
<sourceCardinality>1</sourceCardinality>
<sourceEntity>ADB26BB4-F562-1FBC-B243-C965E311252C</sourceEntity>
<targetCardinalityString>*</targetCardinalityString>
<targetEntity>B3538250-6CCA-BAB0-8003-874D977FAD70</targetEntity>
<transferable>true</transferable>
<deleteRule>NO ACTION</deleteRule>
</Relation>