<?xml version = '1.0' encoding = 'UTF-8'?>
<Relation class="oracle.dbtools.crest.model.design.logical.Relation" name="valoraciones" directorySegmentName="seg_0" id="84AED200-B681-2389-21F4-BF23E4D23F05">
<createdBy>Kike</createdBy>
<createdTime>2022-04-06 17:00:21 UTC</createdTime>
<ownerDesignName>model_relacional</ownerDesignName>
<engineerTo>
<item key="05E35072-E42B-968E-22E7-539F8044F70A" value="true"/>
</engineerTo>
<sourcePk>7189DD6C-BD10-C091-93C3-0A57A18440B0</sourcePk>
<identifying>false</identifying>
<optionalSource>true</optionalSource>
<optionalTarget>false</optionalTarget>
<sourceCardinality>1</sourceCardinality>
<sourceEntity>EE3C4247-5398-42DA-0374-46E33ED335AD</sourceEntity>
<targetCardinalityString>*</targetCardinalityString>
<targetEntity>41933D19-2866-A853-DE7B-0511D21DA43A</targetEntity>
<transferable>true</transferable>
<deleteRule>NO ACTION</deleteRule>
</Relation>