<?xml version = '1.0' encoding = 'UTF-8'?>
<Relation class="oracle.dbtools.crest.model.design.logical.Relation" name="participantes" directorySegmentName="seg_0" id="90D7F340-B356-1F2F-E11A-6527804F982D">
<createdBy>Kike</createdBy>
<createdTime>2022-04-06 16:45:36 UTC</createdTime>
<ownerDesignName>model_relacional</ownerDesignName>
<engineerTo>
<item key="05E35072-E42B-968E-22E7-539F8044F70A" value="true"/>
</engineerTo>
<sourcePk>27E93CCF-5EED-5A29-FF25-97C1F1E915A3</sourcePk>
<targetPk>7189DD6C-BD10-C091-93C3-0A57A18440B0</targetPk>
<identifying>false</identifying>
<optionalSource>true</optionalSource>
<optionalTarget>false</optionalTarget>
<sourceCardinality>*</sourceCardinality>
<sourceEntity>EE3C4247-5398-42DA-0374-46E33ED335AD</sourceEntity>
<targetCardinalityString>*</targetCardinalityString>
<targetEntity>72EB8360-B26D-912D-F545-962B6FCC2ACC</targetEntity>
<transferable>true</transferable>
<deleteRule>NO ACTION</deleteRule>
</Relation>