<?xml version = '1.0' encoding = 'UTF-8'?>
<Relation class="oracle.dbtools.crest.model.design.logical.Relation" name="Relation_14" directorySegmentName="seg_0" id="BA0ED2A9-BD68-4446-70B4-7E17424D8F5F">
<createdBy>Kike</createdBy>
<createdTime>2022-04-22 21:44:43 UTC</createdTime>
<ownerDesignName>model_relacional</ownerDesignName>
<engineerTo>
<item key="1423AB0F-33D5-1CF1-CCA3-CC4CBE4C51AA" value="true"/>
</engineerTo>
<sourcePk>7189DD6C-BD10-C091-93C3-0A57A18440B0</sourcePk>
<identifying>true</identifying>
<optionalSource>true</optionalSource>
<optionalTarget>false</optionalTarget>
<sourceCardinality>1</sourceCardinality>
<sourceEntity>EE3C4247-5398-42DA-0374-46E33ED335AD</sourceEntity>
<targetCardinalityString>*</targetCardinalityString>
<targetEntity>9EE21264-D2EE-A115-C257-347E5E81AFAE</targetEntity>
<transferable>true</transferable>
<deleteRule>NO ACTION</deleteRule>
</Relation>