<?xml version = '1.0' encoding = 'UTF-8'?>
<Relation class="oracle.dbtools.crest.model.design.logical.Relation" name="autor" directorySegmentName="seg_0" id="BD47DE8A-C61E-F360-CC01-7928A9BBAB66">
<createdBy>Kike</createdBy>
<createdTime>2022-04-06 16:55:58 UTC</createdTime>
<ownerDesignName>model_relacional</ownerDesignName>
<engineerTo>
<item key="05E35072-E42B-968E-22E7-539F8044F70A" value="true"/>
</engineerTo>
<sourcePk>27E93CCF-5EED-5A29-FF25-97C1F1E915A3</sourcePk>
<targetPk>D46EAC59-F6EE-4692-8FB7-DD4508CFC418</targetPk>
<identifying>false</identifying>
<optionalSource>true</optionalSource>
<optionalTarget>false</optionalTarget>
<sourceCardinality>1</sourceCardinality>
<sourceEntity>72EB8360-B26D-912D-F545-962B6FCC2ACC</sourceEntity>
<targetCardinalityString>*</targetCardinalityString>
<targetEntity>ADB26BB4-F562-1FBC-B243-C965E311252C</targetEntity>
<transferable>true</transferable>
<deleteRule>NO ACTION</deleteRule>
</Relation>