<?xml version = '1.0' encoding = 'UTF-8'?>
<Relation class="oracle.dbtools.crest.model.design.logical.Relation" name="autorv1" directorySegmentName="seg_0" id="E10BF35B-C30B-9A8E-58C8-FFB53F60797A">
<createdBy>Kike</createdBy>
<createdTime>2022-04-06 16:58:12 UTC</createdTime>
<ownerDesignName>model_relacional</ownerDesignName>
<engineerTo>
<item key="05E35072-E42B-968E-22E7-539F8044F70A" value="true"/>
</engineerTo>
<sourcePk>27E93CCF-5EED-5A29-FF25-97C1F1E915A3</sourcePk>
<identifying>false</identifying>
<optionalSource>true</optionalSource>
<optionalTarget>false</optionalTarget>
<sourceCardinality>1</sourceCardinality>
<sourceEntity>72EB8360-B26D-912D-F545-962B6FCC2ACC</sourceEntity>
<targetCardinalityString>*</targetCardinalityString>
<targetEntity>5EDCFCB7-F0EE-94AF-0179-32C3937AD2E4</targetEntity>
<transferable>true</transferable>
<deleteRule>NO ACTION</deleteRule>
</Relation>