<?xml version = '1.0' encoding = 'UTF-8'?>
<relationalModel class="oracle.dbtools.crest.model.design.relational.RelationalDesign" name="Relational_1" id="1423AB0F-33D5-1CF1-CCA3-CC4CBE4C51AA" mainViewID="A8D4B428-2700-F1E3-2F99-29E1C41A2407">
<createdBy>Kike</createdBy>
<createdTime>2022-04-06 20:48:21 UTC</createdTime>
<ownerDesignName>model_relacional</ownerDesignName>
<shouldBeOpen>false</shouldBeOpen>
<selectedRDBMSSite>32076570-2523-435C-2E92-BF29817DFF70</selectedRDBMSSite>
</relationalModel>