<?xml version = '1.0' encoding = 'UTF-8'?>
<Diagram class="oracle.dbtools.crest.swingui.relational.DPVRelational" name="Relational_1" id="A8D4B428-2700-F1E3-2F99-29E1C41A2407">
<createdBy>Kike</createdBy>
<modifiedBy>Kike</modifiedBy>
<createdTime>2022-04-06 20:48:21 UTC</createdTime>
<autoRoute>false</autoRoute>
<boxInbox>true</boxInbox>
<showLegend>false</showLegend>
<showLabels>false</showLabels>
<showRelAttributes>false</showRelAttributes>
<gridEnabled>false</gridEnabled>
<showGrid>false</showGrid>
<diagramColor>-1</diagramColor>
<display>false</display>
<notation>1</notation>
<objectViews>
<OView class="oracle.dbtools.crest.swingui.relational.TVTable" oid="15EE493B-AA91-7620-D077-E8A7867F9D7E" otype="Table" vid="C4804C26-E5A7-A56A-6D4C-9AAF0376A949">
<hideElementsInCurrentOnly>false</hideElementsInCurrentOnly>
<bounds x="202" y="386" width="170" height="110"/>
</OView>
<OView class="oracle.dbtools.crest.swingui.relational.TVTable" oid="34A7A198-4613-BC4E-23D5-2EC1783EE88B" otype="Table" vid="2451945D-BF17-1B57-945B-AFEE90A9093E">
<hideElementsInCurrentOnly>false</hideElementsInCurrentOnly>
<bounds x="728" y="44" width="170" height="110"/>
</OView>
<OView class="oracle.dbtools.crest.swingui.relational.TVTable" oid="8B25410C-B1B2-C410-B907-13BFCD7407D5" otype="Table" vid="988556AB-286C-7287-3493-B1F10CDCE60F">
<hideElementsInCurrentOnly>false</hideElementsInCurrentOnly>
<bounds x="13" y="389" width="170" height="110"/>
</OView>
<OView class="oracle.dbtools.crest.swingui.relational.TVTable" oid="91345E32-4F1F-99BB-3359-E932A280B8A3" otype="Table" vid="A7DFA6A6-F818-BE20-BDCE-1FA1A1AA9BAC">
<hideElementsInCurrentOnly>false</hideElementsInCurrentOnly>
<bounds x="1014" y="261" width="170" height="110"/>
</OView>
<OView class="oracle.dbtools.crest.swingui.relational.TVTable" oid="97BDFCCA-A930-C44A-67E6-0E34D60BE19A" otype="Table" vid="0545FE6E-37BC-E392-53C2-C37C1A18FE4F">
<hideElementsInCurrentOnly>false</hideElementsInCurrentOnly>
<bounds x="442" y="329" width="170" height="110"/>
</OView>
<OView class="oracle.dbtools.crest.swingui.relational.TVTable" oid="AF57DD8E-177F-5E68-E3A4-FE953BF39E91" otype="Table" vid="D9ACFBAB-D693-CA44-7818-B51B2D892114">
<hideElementsInCurrentOnly>false</hideElementsInCurrentOnly>
<bounds x="757" y="369" width="173" height="106"/>
</OView>
<OView class="oracle.dbtools.crest.swingui.relational.TVTable" oid="B116CD0F-FAF2-F399-6943-65B94575272B" otype="Table" vid="339D7F0F-551B-4223-B41E-5A61F34BBE3E">
<hideElementsInCurrentOnly>false</hideElementsInCurrentOnly>
<bounds x="400" y="12" width="170" height="110"/>
</OView>
<OView class="oracle.dbtools.crest.swingui.relational.TVTable" oid="B2F7369D-D49F-8A97-AC02-E98B8CB6FBF7" otype="Table" vid="E02DF0CC-33ED-1E12-2AA3-C37D27D488A7">
<hideElementsInCurrentOnly>false</hideElementsInCurrentOnly>
<bounds x="72" y="128" width="198" height="144"/>
</OView>
<OView class="oracle.dbtools.crest.swingui.relational.TVTable" oid="B3BA6330-E869-EFAA-EC76-AAE0C7A9F5C7" otype="Table" vid="2E57EE58-911C-1554-AB6F-1278EE6167B7">
<hideElementsInCurrentOnly>false</hideElementsInCurrentOnly>
<bounds x="450" y="428" width="170" height="110"/>
</OView>
<OView class="oracle.dbtools.crest.swingui.relational.TVTable" oid="B5AED7DA-A972-2CCC-2524-712EF998794C" otype="Table" vid="6BECF79A-9080-3531-CDAD-3247D2687B58">
<hideElementsInCurrentOnly>false</hideElementsInCurrentOnly>
<bounds x="708" y="199" width="229" height="115"/>
</OView>
</objectViews>
<connectors>
<Connector class="oracle.dbtools.crest.swingui.relational.TVFKRelation" oid="0564D62A-6353-5ADD-D271-639321D050D6" otype="FKIndexAssociation" vid_source="E02DF0CC-33ED-1E12-2AA3-C37D27D488A7" vid_target="2E57EE58-911C-1554-AB6F-1278EE6167B7">
<hideElementsInCurrentOnly>false</hideElementsInCurrentOnly>
<backgroundColor>-16777216</backgroundColor>
<lineWidth>1</lineWidth>
<points>
<point x="263" y="272"/>
<point x="464" y="428"/>
</points>
</Connector>
<Connector class="oracle.dbtools.crest.swingui.relational.TVFKRelation" oid="061E8FC6-D8C5-0FE9-DF0B-37919AAF4DD8" otype="FKIndexAssociation" vid_source="6BECF79A-9080-3531-CDAD-3247D2687B58" vid_target="339D7F0F-551B-4223-B41E-5A61F34BBE3E">
<hideElementsInCurrentOnly>false</hideElementsInCurrentOnly>
<backgroundColor>-16777216</backgroundColor>
<lineWidth>1</lineWidth>
<points>
<point x="720" y="199"/>
<point x="570" y="114"/>
</points>
</Connector>
<Connector class="oracle.dbtools.crest.swingui.relational.TVFKRelation" oid="0720412C-44B2-10FC-7160-B0725723F615" otype="FKIndexAssociation" vid_source="6BECF79A-9080-3531-CDAD-3247D2687B58" vid_target="0545FE6E-37BC-E392-53C2-C37C1A18FE4F">
<hideElementsInCurrentOnly>false</hideElementsInCurrentOnly>
<backgroundColor>-16777216</backgroundColor>
<lineWidth>1</lineWidth>
<points>
<point x="708" y="305"/>
<point x="612" y="347"/>
</points>
</Connector>
<Connector class="oracle.dbtools.crest.swingui.relational.TVFKRelation" oid="3A2BFE97-1CFB-8D92-F8BA-162A27A5CE4B" otype="FKIndexAssociation" vid_source="E02DF0CC-33ED-1E12-2AA3-C37D27D488A7" vid_target="C4804C26-E5A7-A56A-6D4C-9AAF0376A949">
<hideElementsInCurrentOnly>false</hideElementsInCurrentOnly>
<backgroundColor>-16777216</backgroundColor>
<lineWidth>1</lineWidth>
<points>
<point x="236" y="272"/>
<point x="236" y="386"/>
</points>
</Connector>
<Connector class="oracle.dbtools.crest.swingui.relational.TVFKRelation" oid="4E11930F-DF36-DB69-DF75-134A515629E1" otype="FKIndexAssociation" vid_source="E02DF0CC-33ED-1E12-2AA3-C37D27D488A7" vid_target="988556AB-286C-7287-3493-B1F10CDCE60F">
<hideElementsInCurrentOnly>false</hideElementsInCurrentOnly>
<backgroundColor>-16777216</backgroundColor>
<lineWidth>1</lineWidth>
<points>
<point x="127" y="272"/>
<point x="127" y="389"/>
</points>
</Connector>
<Connector class="oracle.dbtools.crest.swingui.relational.TVFKRelation" oid="6314E289-78E7-8933-55BE-40153A3CA72A" otype="FKIndexAssociation" vid_source="E02DF0CC-33ED-1E12-2AA3-C37D27D488A7" vid_target="6BECF79A-9080-3531-CDAD-3247D2687B58">
<hideElementsInCurrentOnly>false</hideElementsInCurrentOnly>
<backgroundColor>-16777216</backgroundColor>
<lineWidth>1</lineWidth>
<points>
<point x="270" y="250"/>
<point x="708" y="250"/>
</points>
</Connector>
<Connector class="oracle.dbtools.crest.swingui.relational.TVFKRelation" oid="76C0C46F-5240-59CC-5B23-A429E8166D3F" otype="FKIndexAssociation" vid_source="6BECF79A-9080-3531-CDAD-3247D2687B58" vid_target="2E57EE58-911C-1554-AB6F-1278EE6167B7">
<hideElementsInCurrentOnly>false</hideElementsInCurrentOnly>
<backgroundColor>-16777216</backgroundColor>
<lineWidth>1</lineWidth>
<points>
<point x="749" y="314"/>
<point x="604" y="428"/>
</points>
</Connector>
<Connector class="oracle.dbtools.crest.swingui.relational.TVFKRelation" oid="88ECAAF1-000D-B199-8732-60C99EFC345C" otype="FKIndexAssociation" vid_source="0545FE6E-37BC-E392-53C2-C37C1A18FE4F" vid_target="D9ACFBAB-D693-CA44-7818-B51B2D892114">
<hideElementsInCurrentOnly>false</hideElementsInCurrentOnly>
<backgroundColor>-16777216</backgroundColor>
<lineWidth>1</lineWidth>
<points>
<point x="612" y="404"/>
<point x="757" y="404"/>
</points>
</Connector>
<Connector class="oracle.dbtools.crest.swingui.relational.TVFKRelation" oid="9216B668-EB8D-9342-1F53-2E6E02792C66" otype="FKIndexAssociation" vid_source="E02DF0CC-33ED-1E12-2AA3-C37D27D488A7" vid_target="988556AB-286C-7287-3493-B1F10CDCE60F">
<hideElementsInCurrentOnly>false</hideElementsInCurrentOnly>
<backgroundColor>-16777216</backgroundColor>
<lineWidth>1</lineWidth>
<points>
<point x="142" y="272"/>
<point x="142" y="389"/>
</points>
</Connector>
<Connector class="oracle.dbtools.crest.swingui.relational.TVFKRelation" oid="B175B159-86F3-3151-951E-0D2BC850B407" otype="FKIndexAssociation" vid_source="E02DF0CC-33ED-1E12-2AA3-C37D27D488A7" vid_target="2451945D-BF17-1B57-945B-AFEE90A9093E">
<hideElementsInCurrentOnly>false</hideElementsInCurrentOnly>
<backgroundColor>-16777216</backgroundColor>
<lineWidth>1</lineWidth>
<points>
<point x="270" y="141"/>
<point x="728" y="141"/>
</points>
</Connector>
<Connector class="oracle.dbtools.crest.swingui.relational.TVFKRelation" oid="E63C0901-DA3F-F889-D4CE-03C8134966C6" otype="FKIndexAssociation" vid_source="6BECF79A-9080-3531-CDAD-3247D2687B58" vid_target="2451945D-BF17-1B57-945B-AFEE90A9093E">
<hideElementsInCurrentOnly>false</hideElementsInCurrentOnly>
<backgroundColor>-16777216</backgroundColor>
<lineWidth>1</lineWidth>
<points>
<point x="813" y="199"/>
<point x="813" y="154"/>
</points>
</Connector>
<Connector class="oracle.dbtools.crest.swingui.relational.TVFKRelation" oid="E7605665-71BF-8A5C-57B4-4D9C791FCEE4" otype="FKIndexAssociation" vid_source="E02DF0CC-33ED-1E12-2AA3-C37D27D488A7" vid_target="339D7F0F-551B-4223-B41E-5A61F34BBE3E">
<hideElementsInCurrentOnly>false</hideElementsInCurrentOnly>
<backgroundColor>-16777216</backgroundColor>
<lineWidth>1</lineWidth>
<points>
<point x="270" y="158"/>
<point x="400" y="103"/>
</points>
</Connector>
<Connector class="oracle.dbtools.crest.swingui.relational.TVFKRelation" oid="E94F242F-8143-FD3A-B431-D69523E5B909" otype="FKIndexAssociation" vid_source="E02DF0CC-33ED-1E12-2AA3-C37D27D488A7" vid_target="C4804C26-E5A7-A56A-6D4C-9AAF0376A949">
<hideElementsInCurrentOnly>false</hideElementsInCurrentOnly>
<backgroundColor>-16777216</backgroundColor>
<lineWidth>1</lineWidth>
<points>
<point x="251" y="272"/>
<point x="251" y="386"/>
</points>
</Connector>
<Connector class="oracle.dbtools.crest.swingui.relational.TVFKRelation" oid="EBB649E1-39EF-3903-380B-DC46C09C21FC" otype="FKIndexAssociation" vid_source="6BECF79A-9080-3531-CDAD-3247D2687B58" vid_target="A7DFA6A6-F818-BE20-BDCE-1FA1A1AA9BAC">
<hideElementsInCurrentOnly>false</hideElementsInCurrentOnly>
<backgroundColor>-16777216</backgroundColor>
<lineWidth>1</lineWidth>
<points>
<point x="937" y="287"/>
<point x="1014" y="287"/>
</points>
</Connector>
<Connector class="oracle.dbtools.crest.swingui.relational.TVFKRelation" oid="F68D1B6A-690B-0C0B-11F7-98D067CBFBE0" otype="FKIndexAssociation" vid_source="E02DF0CC-33ED-1E12-2AA3-C37D27D488A7" vid_target="0545FE6E-37BC-E392-53C2-C37C1A18FE4F">
<hideElementsInCurrentOnly>false</hideElementsInCurrentOnly>
<backgroundColor>-16777216</backgroundColor>
<lineWidth>1</lineWidth>
<points>
<point x="270" y="251"/>
<point x="442" y="340"/>
</points>
</Connector>
</connectors>
</Diagram>