<?xml version = '1.0' encoding = 'UTF-8'?>
<Entity class="oracle.dbtools.crest.model.design.logical.Entity" directorySegmentName="seg_0" id="19EBD417-99FE-0064-8100-F586DEFD84AA" name="ValoracionUsuario">
<createdBy>Kike</createdBy>
<createdTime>2022-04-06 16:36:47 UTC</createdTime>
<ownerDesignName>model_relacional</ownerDesignName>
<engineerTo>
<item key="05E35072-E42B-968E-22E7-539F8044F70A" value="true"/>
</engineerTo>
<adequatelyNormalized>NO</adequatelyNormalized>
<expectedVolumes>0</expectedVolumes>
<fwdEngineeringStrategyName>Single Table</fwdEngineeringStrategyName>
<growthPercent>0</growthPercent>
<growthType>Year</growthType>
<maxVolumes>9999999</maxVolumes>
<minVolumes>0</minVolumes>
<normalForm>Third</normalForm>
<attributes itemClass="oracle.dbtools.crest.model.design.logical.Attribute">
<Attribute name="valor" id="AE20CAA1-C94B-F1F5-17B5-143E671A9018">
<createdBy>Kike</createdBy>
<createdTime>2022-04-06 16:37:02 UTC</createdTime>
<ownerDesignName>model_relacional</ownerDesignName>
<engineerTo>
<item key="05E35072-E42B-968E-22E7-539F8044F70A" value="true"/>
</engineerTo>
<useDomainConstraints>false</useDomainConstraints>
<use>1</use>
<logicalDatatype>LOGDT021</logicalDatatype>
<ownDataTypeParameters>,,</ownDataTypeParameters>
</Attribute>
<Attribute name="id" id="69BEB853-87F8-ED8F-24A8-E3E89A750D1F">
<createdBy>Kike</createdBy>
<createdTime>2022-04-06 17:00:46 UTC</createdTime>
<generatorID>41131ACF-80E8-9E0D-C31A-0C42F11BCE07</generatorID>
<ownerDesignName>model_relacional</ownerDesignName>
<engineerTo>
<item key="05E35072-E42B-968E-22E7-539F8044F70A" value="true"/>
</engineerTo>
<referedAttribute>579A5602-630F-64A4-73F3-054D52F8EEC1</referedAttribute>
<useDomainConstraints>false</useDomainConstraints>
<use>1</use>
<logicalDatatype>LOGDT011</logicalDatatype>
<ownDataTypeParameters>,,</ownDataTypeParameters>
</Attribute>
<Attribute name="id1" id="FA0FEAA9-BBBF-33FC-92CA-FDB132E3F28A">
<createdBy>Kike</createdBy>
<createdTime>2022-04-06 17:00:56 UTC</createdTime>
<generatorID>CFA759C5-118D-1DDB-BB9F-B2FE2ADCAB3E</generatorID>
<ownerDesignName>model_relacional</ownerDesignName>
<engineerTo>
<item key="05E35072-E42B-968E-22E7-539F8044F70A" value="true"/>
</engineerTo>
<referedAttribute>579A5602-630F-64A4-73F3-054D52F8EEC1</referedAttribute>
<useDomainConstraints>false</useDomainConstraints>
<use>1</use>
<logicalDatatype>LOGDT011</logicalDatatype>
<ownDataTypeParameters>,,</ownDataTypeParameters>
</Attribute>
</attributes>
</Entity>