<?xml version = '1.0' encoding = 'UTF-8'?>
<Entity class="oracle.dbtools.crest.model.design.logical.Entity" directorySegmentName="seg_0" id="41933D19-2866-A853-DE7B-0511D21DA43A" name="ValoracionEvento">
<createdBy>Kike</createdBy>
<createdTime>2022-04-06 16:37:19 UTC</createdTime>
<ownerDesignName>model_relacional</ownerDesignName>
<engineerTo>
<item key="05E35072-E42B-968E-22E7-539F8044F70A" value="true"/>
</engineerTo>
<adequatelyNormalized>NO</adequatelyNormalized>
<expectedVolumes>0</expectedVolumes>
<fwdEngineeringStrategyName>Single Table</fwdEngineeringStrategyName>
<growthPercent>0</growthPercent>
<growthType>Year</growthType>
<maxVolumes>9999999</maxVolumes>
<minVolumes>0</minVolumes>
<normalForm>Third</normalForm>
<attributes itemClass="oracle.dbtools.crest.model.design.logical.Attribute">
<Attribute name="valor" id="BB59D4C7-4F94-F5CD-963F-8F49F7507045">
<createdBy>Kike</createdBy>
<createdTime>2022-04-06 16:37:28 UTC</createdTime>
<ownerDesignName>model_relacional</ownerDesignName>
<engineerTo>
<item key="05E35072-E42B-968E-22E7-539F8044F70A" value="true"/>
</engineerTo>
<useDomainConstraints>false</useDomainConstraints>
<use>1</use>
<logicalDatatype>LOGDT021</logicalDatatype>
<ownDataTypeParameters>,,</ownDataTypeParameters>
</Attribute>
<Attribute name="id" id="BAAD70BE-0113-084E-EE00-02A58620BE7F">
<createdBy>Kike</createdBy>
<createdTime>2022-04-06 17:00:21 UTC</createdTime>
<generatorID>84AED200-B681-2389-21F4-BF23E4D23F05</generatorID>
<ownerDesignName>model_relacional</ownerDesignName>
<engineerTo>
<item key="05E35072-E42B-968E-22E7-539F8044F70A" value="true"/>
</engineerTo>
<referedAttribute>07DFADF3-3279-7E20-C29C-1D36295ED349</referedAttribute>
<useDomainConstraints>false</useDomainConstraints>
<use>1</use>
<logicalDatatype>LOGDT011</logicalDatatype>
<ownDataTypeParameters>,,</ownDataTypeParameters>
</Attribute>
<Attribute name="id1" id="7F18667E-AA54-39C9-9AE6-9774D15B181B">
<createdBy>Kike</createdBy>
<createdTime>2022-04-06 17:00:36 UTC</createdTime>
<generatorID>38FB2782-4F6C-7E0A-E539-71B42E0EF03F</generatorID>
<ownerDesignName>model_relacional</ownerDesignName>
<engineerTo>
<item key="05E35072-E42B-968E-22E7-539F8044F70A" value="true"/>
</engineerTo>
<referedAttribute>579A5602-630F-64A4-73F3-054D52F8EEC1</referedAttribute>
<useDomainConstraints>false</useDomainConstraints>
<use>1</use>
<logicalDatatype>LOGDT011</logicalDatatype>
<ownDataTypeParameters>,,</ownDataTypeParameters>
</Attribute>
</attributes>
</Entity>