<?xml version = '1.0' encoding = 'UTF-8'?>
<Entity class="oracle.dbtools.crest.model.design.logical.Entity" directorySegmentName="seg_0" id="9EE21264-D2EE-A115-C257-347E5E81AFAE" name="Etiqueta">
<createdBy>Kike</createdBy>
<createdTime>2022-04-22 21:42:42 UTC</createdTime>
<ownerDesignName>model_relacional</ownerDesignName>
<engineerTo>
<item key="1423AB0F-33D5-1CF1-CCA3-CC4CBE4C51AA" value="true"/>
</engineerTo>
<adequatelyNormalized>NO</adequatelyNormalized>
<expectedVolumes>0</expectedVolumes>
<fwdEngineeringStrategyName>Single Table</fwdEngineeringStrategyName>
<growthPercent>0</growthPercent>
<growthType>Year</growthType>
<maxVolumes>9999999</maxVolumes>
<minVolumes>0</minVolumes>
<normalForm>Third</normalForm>
<attributes itemClass="oracle.dbtools.crest.model.design.logical.Attribute">
<Attribute name="nombre" id="14BEBDA0-BD52-5F65-DD3B-FC917F081884">
<createdBy>Kike</createdBy>
<createdTime>2022-04-22 21:42:50 UTC</createdTime>
<ownerDesignName>model_relacional</ownerDesignName>
<engineerTo>
<item key="1423AB0F-33D5-1CF1-CCA3-CC4CBE4C51AA" value="true"/>
</engineerTo>
<nullsAllowed>true</nullsAllowed>
<useDomainConstraints>false</useDomainConstraints>
<use>1</use>
<logicalDatatype>LOGDT024</logicalDatatype>
<ownDataTypeParameters>,,</ownDataTypeParameters>
</Attribute>
<Attribute name="Evento_id" id="85D4061D-733A-8ED8-AF21-B486E0A1E098">
<createdBy>Kike</createdBy>
<createdTime>2022-04-22 21:44:43 UTC</createdTime>
<generatorID>BA0ED2A9-BD68-4446-70B4-7E17424D8F5F</generatorID>
<ownerDesignName>model_relacional</ownerDesignName>
<engineerTo>
<item key="1423AB0F-33D5-1CF1-CCA3-CC4CBE4C51AA" value="true"/>
</engineerTo>
<referedAttribute>07DFADF3-3279-7E20-C29C-1D36295ED349</referedAttribute>
<useDomainConstraints>false</useDomainConstraints>
<use>1</use>
<logicalDatatype>LOGDT011</logicalDatatype>
<ownDataTypeParameters>,,</ownDataTypeParameters>
</Attribute>
</attributes>
<identifiers itemClass="oracle.dbtools.crest.model.design.logical.CandidateKey">
<identifier id="6340E204-2E9F-0983-E1E9-B9BDE8558C28" name="Etiqueta PK">
<createdBy>Kike</createdBy>
<createdTime>2022-04-22 21:44:43 UTC</createdTime>
<ownerDesignName>model_relacional</ownerDesignName>
<engineerTo>
<item key="1423AB0F-33D5-1CF1-CCA3-CC4CBE4C51AA" value="true"/>
</engineerTo>
<pk>true</pk>
<usedAttributes>
<attributeRef>85D4061D-733A-8ED8-AF21-B486E0A1E098</attributeRef>
</usedAttributes>
</identifier>
</identifiers>
</Entity>