<?xml version = '1.0' encoding = 'UTF-8'?>
<Entity class="oracle.dbtools.crest.model.design.logical.Entity" directorySegmentName="seg_0" id="ADB26BB4-F562-1FBC-B243-C965E311252C" name="Publicacion">
<createdBy>Kike</createdBy>
<createdTime>2022-04-06 16:35:05 UTC</createdTime>
<ownerDesignName>model_relacional</ownerDesignName>
<engineerTo>
<item key="05E35072-E42B-968E-22E7-539F8044F70A" value="true"/>
</engineerTo>
<adequatelyNormalized>NO</adequatelyNormalized>
<expectedVolumes>0</expectedVolumes>
<fwdEngineeringStrategyName>Single Table</fwdEngineeringStrategyName>
<growthPercent>0</growthPercent>
<growthType>Year</growthType>
<maxVolumes>9999999</maxVolumes>
<minVolumes>0</minVolumes>
<normalForm>Third</normalForm>
<attributes itemClass="oracle.dbtools.crest.model.design.logical.Attribute">
<Attribute name="fecha" id="55DEFC5A-76DE-866A-7AF1-D1FFF77EA012">
<createdBy>Kike</createdBy>
<createdTime>2022-04-06 16:35:11 UTC</createdTime>
<ownerDesignName>model_relacional</ownerDesignName>
<engineerTo>
<item key="05E35072-E42B-968E-22E7-539F8044F70A" value="true"/>
</engineerTo>
<useDomainConstraints>false</useDomainConstraints>
<use>1</use>
<logicalDatatype>LOGDT008</logicalDatatype>
<ownDataTypeParameters>,,</ownDataTypeParameters>
</Attribute>
<Attribute name="contenido" id="C73CC7BE-5B8E-525D-1868-CBABC1D0D945">
<createdBy>Kike</createdBy>
<createdTime>2022-04-06 16:35:29 UTC</createdTime>
<ownerDesignName>model_relacional</ownerDesignName>
<engineerTo>
<item key="05E35072-E42B-968E-22E7-539F8044F70A" value="true"/>
</engineerTo>
<useDomainConstraints>false</useDomainConstraints>
<use>1</use>
<logicalDatatype>LOGDT024</logicalDatatype>
<dataTypeSize>200 CHAR</dataTypeSize>
<ownDataTypeParameters>200 CHAR,,</ownDataTypeParameters>
</Attribute>
<Attribute name="id" id="D8F99F85-4602-ADD8-BF61-616BF7FFBF8B">
<createdBy>Kike</createdBy>
<createdTime>2022-04-06 16:55:22 UTC</createdTime>
<ownerDesignName>model_relacional</ownerDesignName>
<engineerTo>
<item key="05E35072-E42B-968E-22E7-539F8044F70A" value="true"/>
</engineerTo>
<useDomainConstraints>false</useDomainConstraints>
<use>1</use>
<logicalDatatype>LOGDT011</logicalDatatype>
<ownDataTypeParameters>,,</ownDataTypeParameters>
</Attribute>
<Attribute name="id1" id="9DCC4949-00C2-C579-BA5B-E7C7EF2883CD">
<createdBy>Kike</createdBy>
<createdTime>2022-04-06 16:55:39 UTC</createdTime>
<generatorID>30095807-CD45-B42D-621B-49277240988B</generatorID>
<ownerDesignName>model_relacional</ownerDesignName>
<engineerTo>
<item key="05E35072-E42B-968E-22E7-539F8044F70A" value="true"/>
</engineerTo>
<referedAttribute>07DFADF3-3279-7E20-C29C-1D36295ED349</referedAttribute>
<useDomainConstraints>false</useDomainConstraints>
<use>1</use>
<logicalDatatype>LOGDT011</logicalDatatype>
<ownDataTypeParameters>,,</ownDataTypeParameters>
</Attribute>
<Attribute name="id2" id="28F316CF-85E3-E97A-0ECD-8422FFD4015F">
<createdBy>Kike</createdBy>
<createdTime>2022-04-06 16:55:58 UTC</createdTime>
<generatorID>BD47DE8A-C61E-F360-CC01-7928A9BBAB66</generatorID>
<ownerDesignName>model_relacional</ownerDesignName>
<engineerTo>
<item key="05E35072-E42B-968E-22E7-539F8044F70A" value="true"/>
</engineerTo>
<referedAttribute>579A5602-630F-64A4-73F3-054D52F8EEC1</referedAttribute>
<useDomainConstraints>false</useDomainConstraints>
<use>1</use>
<logicalDatatype>LOGDT011</logicalDatatype>
<ownDataTypeParameters>,,</ownDataTypeParameters>
</Attribute>
</attributes>
<identifiers itemClass="oracle.dbtools.crest.model.design.logical.CandidateKey">
<identifier id="D46EAC59-F6EE-4692-8FB7-DD4508CFC418" name="Publicacion PK">
<createdBy>Kike</createdBy>
<createdTime>2022-04-06 16:48:30 UTC</createdTime>
<ownerDesignName>model_relacional</ownerDesignName>
<engineerTo>
<item key="05E35072-E42B-968E-22E7-539F8044F70A" value="true"/>
</engineerTo>
<pk>true</pk>
<usedAttributes>
<attributeRef>D8F99F85-4602-ADD8-BF61-616BF7FFBF8B</attributeRef>
</usedAttributes>
</identifier>
</identifiers>
</Entity>