<?xml version = '1.0' encoding = 'UTF-8'?>
<Entity class="oracle.dbtools.crest.model.design.logical.Entity" directorySegmentName="seg_0" id="EE3C4247-5398-42DA-0374-46E33ED335AD" name="Evento">
<createdBy>Kike</createdBy>
<createdTime>2022-04-06 16:32:54 UTC</createdTime>
<ownerDesignName>model_relacional</ownerDesignName>
<engineerTo>
<item key="1423AB0F-33D5-1CF1-CCA3-CC4CBE4C51AA" value="true"/>
</engineerTo>
<adequatelyNormalized>NO</adequatelyNormalized>
<expectedVolumes>0</expectedVolumes>
<fwdEngineeringStrategyName>Single Table</fwdEngineeringStrategyName>
<growthPercent>0</growthPercent>
<growthType>Year</growthType>
<maxVolumes>9999999</maxVolumes>
<minVolumes>0</minVolumes>
<normalForm>Third</normalForm>
<attributes itemClass="oracle.dbtools.crest.model.design.logical.Attribute">
<Attribute name="nombre" id="0DBF6D96-E4F3-8519-ADE3-89C8F01A3920">
<createdBy>Kike</createdBy>
<createdTime>2022-04-06 16:33:03 UTC</createdTime>
<ownerDesignName>model_relacional</ownerDesignName>
<engineerTo>
<item key="1423AB0F-33D5-1CF1-CCA3-CC4CBE4C51AA" value="true"/>
</engineerTo>
<useDomainConstraints>false</useDomainConstraints>
<use>1</use>
<logicalDatatype>LOGDT024</logicalDatatype>
<dataTypeSize>100 CHAR</dataTypeSize>
<ownDataTypeParameters>100 CHAR,,</ownDataTypeParameters>
</Attribute>
<Attribute name="id" id="07DFADF3-3279-7E20-C29C-1D36295ED349">
<createdBy>Kike</createdBy>
<createdTime>2022-04-06 16:33:18 UTC</createdTime>
<ownerDesignName>model_relacional</ownerDesignName>
<engineerTo>
<item key="1423AB0F-33D5-1CF1-CCA3-CC4CBE4C51AA" value="true"/>
</engineerTo>
<useDomainConstraints>false</useDomainConstraints>
<use>1</use>
<logicalDatatype>LOGDT011</logicalDatatype>
<ownDataTypeParameters>,,</ownDataTypeParameters>
</Attribute>
<Attribute name="ubicacion" id="1542902E-8D2E-854F-4754-EA4C9B4B549E">
<createdBy>Kike</createdBy>
<createdTime>2022-04-06 16:33:29 UTC</createdTime>
<ownerDesignName>model_relacional</ownerDesignName>
<engineerTo>
<item key="1423AB0F-33D5-1CF1-CCA3-CC4CBE4C51AA" value="true"/>
</engineerTo>
<useDomainConstraints>false</useDomainConstraints>
<use>1</use>
<logicalDatatype>LOGDT024</logicalDatatype>
<dataTypeSize>200 CHAR</dataTypeSize>
<ownDataTypeParameters>200 CHAR,,</ownDataTypeParameters>
</Attribute>
<Attribute name="fecha" id="F00E4FD0-5983-5E96-F184-0AAE4DDCF04B">
<createdBy>Kike</createdBy>
<createdTime>2022-04-06 16:33:48 UTC</createdTime>
<ownerDesignName>model_relacional</ownerDesignName>
<engineerTo>
<item key="1423AB0F-33D5-1CF1-CCA3-CC4CBE4C51AA" value="true"/>
</engineerTo>
<useDomainConstraints>false</useDomainConstraints>
<use>1</use>
<logicalDatatype>LOGDT008</logicalDatatype>
<ownDataTypeParameters>,,</ownDataTypeParameters>
</Attribute>
<Attribute name="valoracion" id="D8010400-9815-959D-6A75-49CD00697A69">
<createdBy>Kike</createdBy>
<createdTime>2022-04-06 16:34:07 UTC</createdTime>
<ownerDesignName>model_relacional</ownerDesignName>
<engineerTo>
<item key="1423AB0F-33D5-1CF1-CCA3-CC4CBE4C51AA" value="true"/>
</engineerTo>
<useDomainConstraints>false</useDomainConstraints>
<use>1</use>
<logicalDatatype>LOGDT021</logicalDatatype>
<ownDataTypeParameters>,,</ownDataTypeParameters>
</Attribute>
<Attribute name="id1" id="65F12A41-2A2E-CCEA-4AD2-E681DB492E56">
<createdBy>Kike</createdBy>
<createdTime>2022-04-06 16:39:11 UTC</createdTime>
<generatorID>B3A633E5-2F66-1F5D-700F-758920A2A113</generatorID>
<ownerDesignName>model_relacional</ownerDesignName>
<engineerTo>
<item key="1423AB0F-33D5-1CF1-CCA3-CC4CBE4C51AA" value="true"/>
</engineerTo>
<referedAttribute>579A5602-630F-64A4-73F3-054D52F8EEC1</referedAttribute>
<useDomainConstraints>false</useDomainConstraints>
<use>1</use>
<logicalDatatype>LOGDT011</logicalDatatype>
<ownDataTypeParameters>,,</ownDataTypeParameters>
</Attribute>
</attributes>
<identifiers itemClass="oracle.dbtools.crest.model.design.logical.CandidateKey">
<identifier id="7189DD6C-BD10-C091-93C3-0A57A18440B0" name="Evento PK">
<createdBy>Kike</createdBy>
<createdTime>2022-04-06 16:33:28 UTC</createdTime>
<ownerDesignName>model_relacional</ownerDesignName>
<shouldEngineer>false</shouldEngineer>
<engineerTo>
<item key="1423AB0F-33D5-1CF1-CCA3-CC4CBE4C51AA" value="false"/>
</engineerTo>
<pk>true</pk>
<usedAttributes>
<attributeRef>07DFADF3-3279-7E20-C29C-1D36295ED349</attributeRef>
</usedAttributes>
</identifier>
</identifiers>
</Entity>