<?xml version = '1.0' encoding = 'UTF-8'?>
<Diagram class="oracle.dbtools.crest.swingui.logical.DPVLogical" name="Logical" id="69ED0B2A-8EE0-283E-D25E-8D95BB06941C">
<createdBy>Kike</createdBy>
<modifiedBy>Kike</modifiedBy>
<createdTime>2022-04-06 16:01:15 UTC</createdTime>
<autoRoute>false</autoRoute>
<boxInbox>true</boxInbox>
<showLegend>false</showLegend>
<showLabels>false</showLabels>
<showRelAttributes>false</showRelAttributes>
<gridEnabled>false</gridEnabled>
<showGrid>false</showGrid>
<diagramColor>-1</diagramColor>
<display>false</display>
<notation>1</notation>
<objectViews>
<OView class="oracle.dbtools.crest.swingui.logical.TVEntity" oid="19EBD417-99FE-0064-8100-F586DEFD84AA" otype="Entity" vid="77E3940D-1B58-4668-1C34-FB943B5DA0CB">
<hideElementsInCurrentOnly>false</hideElementsInCurrentOnly>
<bounds x="13" y="389" width="170" height="110"/>
</OView>
<OView class="oracle.dbtools.crest.swingui.logical.TVEntity" oid="41933D19-2866-A853-DE7B-0511D21DA43A" otype="Entity" vid="03727C2D-8457-929B-31D8-23675DBD20A8">
<hideElementsInCurrentOnly>false</hideElementsInCurrentOnly>
<bounds x="400" y="12" width="170" height="110"/>
</OView>
<OView class="oracle.dbtools.crest.swingui.logical.TVEntity" oid="5D93E94E-D4C0-13A4-7A3F-2A3B2EE1AFF0" otype="Entity" vid="D8EA3771-BE78-B1C5-9877-ECA3D4B1AF66">
<hideElementsInCurrentOnly>false</hideElementsInCurrentOnly>
<bounds x="728" y="44" width="170" height="110"/>
</OView>
<OView class="oracle.dbtools.crest.swingui.logical.TVEntity" oid="5EDCFCB7-F0EE-94AF-0179-32C3937AD2E4" otype="Entity" vid="54EDEFA1-D049-8DAE-360D-5ED22D7ED716">
<hideElementsInCurrentOnly>false</hideElementsInCurrentOnly>
<bounds x="202" y="386" width="170" height="110"/>
</OView>
<OView class="oracle.dbtools.crest.swingui.logical.TVEntity" oid="72EB8360-B26D-912D-F545-962B6FCC2ACC" otype="Entity" vid="BBFC3119-1072-D961-333F-E768912E720C">
<hideElementsInCurrentOnly>false</hideElementsInCurrentOnly>
<bounds x="72" y="128" width="198" height="144"/>
</OView>
<OView class="oracle.dbtools.crest.swingui.logical.TVEntity" oid="9EE21264-D2EE-A115-C257-347E5E81AFAE" otype="Entity" vid="3064622F-18F6-DF4C-F849-F4467A8A8476">
<hideElementsInCurrentOnly>false</hideElementsInCurrentOnly>
<bounds x="1014" y="261" width="170" height="110"/>
</OView>
<OView class="oracle.dbtools.crest.swingui.logical.TVEntity" oid="ADB26BB4-F562-1FBC-B243-C965E311252C" otype="Entity" vid="7DF6A0AA-E45A-E6F5-B6D2-984320C32855">
<hideElementsInCurrentOnly>false</hideElementsInCurrentOnly>
<bounds x="442" y="329" width="170" height="110"/>
</OView>
<OView class="oracle.dbtools.crest.swingui.logical.TVEntity" oid="B3538250-6CCA-BAB0-8003-874D977FAD70" otype="Entity" vid="E1A68F98-7B6B-9293-713C-CC11B89394FF">
<hideElementsInCurrentOnly>false</hideElementsInCurrentOnly>
<bounds x="757" y="369" width="173" height="106"/>
</OView>
<OView class="oracle.dbtools.crest.swingui.logical.TVEntity" oid="EE3C4247-5398-42DA-0374-46E33ED335AD" otype="Entity" vid="D1DFCBF6-3DCB-0B55-DCAB-9AD55EF956B3">
<hideElementsInCurrentOnly>false</hideElementsInCurrentOnly>
<bounds x="708" y="199" width="229" height="115"/>
</OView>
</objectViews>
<connectors>
<Connector class="oracle.dbtools.crest.swingui.logical.TVRelation" oid="2089BA46-BC81-591E-408C-4EE69347FB16" otype="Relation" vid_source="BBFC3119-1072-D961-333F-E768912E720C" vid_target="54EDEFA1-D049-8DAE-360D-5ED22D7ED716">
<hideElementsInCurrentOnly>false</hideElementsInCurrentOnly>
<backgroundColor>-16777216</backgroundColor>
<lineWidth>1</lineWidth>
<points>
<point x="251" y="272"/>
<point x="251" y="386"/>
</points>
</Connector>
<Connector class="oracle.dbtools.crest.swingui.logical.TVRelation" oid="30095807-CD45-B42D-621B-49277240988B" otype="Relation" vid_source="D1DFCBF6-3DCB-0B55-DCAB-9AD55EF956B3" vid_target="7DF6A0AA-E45A-E6F5-B6D2-984320C32855">
<hideElementsInCurrentOnly>false</hideElementsInCurrentOnly>
<backgroundColor>-16777216</backgroundColor>
<lineWidth>1</lineWidth>
<points>
<point x="708" y="305"/>
<point x="612" y="347"/>
</points>
</Connector>
<Connector class="oracle.dbtools.crest.swingui.logical.TVRelation" oid="31003325-9116-60E4-06CD-A9FAF6BCFAA2" otype="Relation" vid_source="D1DFCBF6-3DCB-0B55-DCAB-9AD55EF956B3" vid_target="D8EA3771-BE78-B1C5-9877-ECA3D4B1AF66">
<hideElementsInCurrentOnly>false</hideElementsInCurrentOnly>
<backgroundColor>-16777216</backgroundColor>
<lineWidth>1</lineWidth>
<points>
<point x="813" y="199"/>
<point x="813" y="154"/>
</points>
</Connector>
<Connector class="oracle.dbtools.crest.swingui.logical.TVRelation" oid="38FB2782-4F6C-7E0A-E539-71B42E0EF03F" otype="Relation" vid_source="BBFC3119-1072-D961-333F-E768912E720C" vid_target="03727C2D-8457-929B-31D8-23675DBD20A8">
<hideElementsInCurrentOnly>false</hideElementsInCurrentOnly>
<backgroundColor>-16777216</backgroundColor>
<lineWidth>1</lineWidth>
<points>
<point x="270" y="158"/>
<point x="400" y="103"/>
</points>
</Connector>
<Connector class="oracle.dbtools.crest.swingui.logical.TVRelation" oid="3EEB2A85-7844-0879-BB7F-0B5FA4949745" otype="Relation" vid_source="7DF6A0AA-E45A-E6F5-B6D2-984320C32855" vid_target="E1A68F98-7B6B-9293-713C-CC11B89394FF">
<hideElementsInCurrentOnly>false</hideElementsInCurrentOnly>
<backgroundColor>-16777216</backgroundColor>
<lineWidth>1</lineWidth>
<points>
<point x="612" y="404"/>
<point x="757" y="404"/>
</points>
</Connector>
<Connector class="oracle.dbtools.crest.swingui.logical.TVRelation" oid="41131ACF-80E8-9E0D-C31A-0C42F11BCE07" otype="Relation" vid_source="BBFC3119-1072-D961-333F-E768912E720C" vid_target="77E3940D-1B58-4668-1C34-FB943B5DA0CB">
<hideElementsInCurrentOnly>false</hideElementsInCurrentOnly>
<backgroundColor>-16777216</backgroundColor>
<lineWidth>1</lineWidth>
<points>
<point x="142" y="272"/>
<point x="142" y="389"/>
</points>
</Connector>
<Connector class="oracle.dbtools.crest.swingui.logical.TVRelation" oid="583779D2-19CB-6F43-6A64-D04E53DD806A" otype="Relation" vid_source="BBFC3119-1072-D961-333F-E768912E720C" vid_target="D8EA3771-BE78-B1C5-9877-ECA3D4B1AF66">
<hideElementsInCurrentOnly>false</hideElementsInCurrentOnly>
<backgroundColor>-16777216</backgroundColor>
<lineWidth>1</lineWidth>
<points>
<point x="270" y="141"/>
<point x="728" y="141"/>
</points>
</Connector>
<Connector class="oracle.dbtools.crest.swingui.logical.TVRelation" oid="84AED200-B681-2389-21F4-BF23E4D23F05" otype="Relation" vid_source="D1DFCBF6-3DCB-0B55-DCAB-9AD55EF956B3" vid_target="03727C2D-8457-929B-31D8-23675DBD20A8">
<hideElementsInCurrentOnly>false</hideElementsInCurrentOnly>
<backgroundColor>-16777216</backgroundColor>
<lineWidth>1</lineWidth>
<points>
<point x="720" y="199"/>
<point x="570" y="114"/>
</points>
</Connector>
<Connector class="oracle.dbtools.crest.swingui.logical.TVRelation" oid="90D7F340-B356-1F2F-E11A-6527804F982D" otype="Relation" vid_source="D1DFCBF6-3DCB-0B55-DCAB-9AD55EF956B3" vid_target="BBFC3119-1072-D961-333F-E768912E720C">
<hideElementsInCurrentOnly>false</hideElementsInCurrentOnly>
<backgroundColor>-16777216</backgroundColor>
<lineWidth>1</lineWidth>
<points>
<point x="708" y="235"/>
<point x="270" y="235"/>
</points>
</Connector>
<Connector class="oracle.dbtools.crest.swingui.logical.TVRelation" oid="B3A633E5-2F66-1F5D-700F-758920A2A113" otype="Relation" vid_source="BBFC3119-1072-D961-333F-E768912E720C" vid_target="D1DFCBF6-3DCB-0B55-DCAB-9AD55EF956B3">
<hideElementsInCurrentOnly>false</hideElementsInCurrentOnly>
<backgroundColor>-16777216</backgroundColor>
<lineWidth>1</lineWidth>
<points>
<point x="270" y="250"/>
<point x="708" y="250"/>
</points>
</Connector>
<Connector class="oracle.dbtools.crest.swingui.logical.TVRelation" oid="BA0ED2A9-BD68-4446-70B4-7E17424D8F5F" otype="Relation" vid_source="D1DFCBF6-3DCB-0B55-DCAB-9AD55EF956B3" vid_target="3064622F-18F6-DF4C-F849-F4467A8A8476">
<hideElementsInCurrentOnly>false</hideElementsInCurrentOnly>
<backgroundColor>-16777216</backgroundColor>
<lineWidth>1</lineWidth>
<points>
<point x="937" y="287"/>
<point x="1014" y="287"/>
</points>
</Connector>
<Connector class="oracle.dbtools.crest.swingui.logical.TVRelation" oid="BD47DE8A-C61E-F360-CC01-7928A9BBAB66" otype="Relation" vid_source="BBFC3119-1072-D961-333F-E768912E720C" vid_target="7DF6A0AA-E45A-E6F5-B6D2-984320C32855">
<hideElementsInCurrentOnly>false</hideElementsInCurrentOnly>
<backgroundColor>-16777216</backgroundColor>
<lineWidth>1</lineWidth>
<points>
<point x="270" y="251"/>
<point x="442" y="340"/>
</points>
</Connector>
<Connector class="oracle.dbtools.crest.swingui.logical.TVRelation" oid="CFA759C5-118D-1DDB-BB9F-B2FE2ADCAB3E" otype="Relation" vid_source="BBFC3119-1072-D961-333F-E768912E720C" vid_target="77E3940D-1B58-4668-1C34-FB943B5DA0CB">
<hideElementsInCurrentOnly>false</hideElementsInCurrentOnly>
<backgroundColor>-16777216</backgroundColor>
<lineWidth>1</lineWidth>
<points>
<point x="127" y="272"/>
<point x="127" y="389"/>
</points>
</Connector>
<Connector class="oracle.dbtools.crest.swingui.logical.TVRelation" oid="E10BF35B-C30B-9A8E-58C8-FFB53F60797A" otype="Relation" vid_source="BBFC3119-1072-D961-333F-E768912E720C" vid_target="54EDEFA1-D049-8DAE-360D-5ED22D7ED716">
<hideElementsInCurrentOnly>false</hideElementsInCurrentOnly>
<backgroundColor>-16777216</backgroundColor>
<lineWidth>1</lineWidth>
<points>
<point x="236" y="272"/>
<point x="236" y="386"/>
</points>
</Connector>
</connectors>
</Diagram>