<?xml version = '1.0' encoding = 'UTF-8'?>
<FKIndexAssociation class="oracle.dbtools.crest.model.design.relational.FKIndexAssociation" directorySegmentName="seg_0" id="0564D62A-6353-5ADD-D271-639321D050D6" containerWithKeyObject="B3BA6330-E869-EFAA-EC76-AAE0C7A9F5C7" localFKIndex="40F60169-7AB8-3221-B20A-EB8171D0909F" name="participantes_Usuario_FK">
<createdBy>Kike</createdBy>
<createdTime>2022-04-06 20:51:43 UTC</createdTime>
<generatorID>90D7F340-B356-1F2F-E11A-6527804F982D</generatorID>
<ownerDesignName>model_relacional</ownerDesignName>
<referredTableLongName>Usuario</referredTableLongName>
<deleteRule>NO ACTION</deleteRule>
<referredTableID>B2F7369D-D49F-8A97-AC02-E98B8CB6FBF7</referredTableID>
<keyObject>CA203651-151D-EC17-23BD-B2CAD6EA430E</keyObject>
<referredKeyID>CA203651-151D-EC17-23BD-B2CAD6EA430E</referredKeyID>
<mandatory>true</mandatory>
<refColNames>id</refColNames>
<transferable>true</transferable>
<rely>false</rely>
<columnDependencyConstraintGenerateInDDL>true</columnDependencyConstraintGenerateInDDL>
</FKIndexAssociation>