<?xml version = '1.0' encoding = 'UTF-8'?>
<FKIndexAssociation class="oracle.dbtools.crest.model.design.relational.FKIndexAssociation" directorySegmentName="seg_0" id="061E8FC6-D8C5-0FE9-DF0B-37919AAF4DD8" containerWithKeyObject="B116CD0F-FAF2-F399-6943-65B94575272B" localFKIndex="24570C21-2ACE-1E0C-8CB8-006307FC60B7" name="ValoracionEvento_Evento_FK">
<createdBy>Kike</createdBy>
<createdTime>2022-04-06 20:51:43 UTC</createdTime>
<generatorID>84AED200-B681-2389-21F4-BF23E4D23F05</generatorID>
<ownerDesignName>model_relacional</ownerDesignName>
<referredTableLongName>Evento</referredTableLongName>
<deleteRule>NO ACTION</deleteRule>
<referredTableID>B5AED7DA-A972-2CCC-2524-712EF998794C</referredTableID>
<keyObject>21314071-59A0-FA72-FF0B-A272F9949FFB</keyObject>
<referredKeyID>21314071-59A0-FA72-FF0B-A272F9949FFB</referredKeyID>
<mandatory>true</mandatory>
<refColNames>id</refColNames>
<transferable>true</transferable>
<rely>false</rely>
<columnDependencyConstraintGenerateInDDL>true</columnDependencyConstraintGenerateInDDL>
</FKIndexAssociation>