<?xml version = '1.0' encoding = 'UTF-8'?>
<FKIndexAssociation class="oracle.dbtools.crest.model.design.relational.FKIndexAssociation" directorySegmentName="seg_0" id="0720412C-44B2-10FC-7160-B0725723F615" containerWithKeyObject="97BDFCCA-A930-C44A-67E6-0E34D60BE19A" localFKIndex="C48DD91E-7E67-C51E-545B-AFFCE395D6DC" name="Publicacion_Evento_FK">
<createdBy>Kike</createdBy>
<createdTime>2022-04-06 20:51:43 UTC</createdTime>
<generatorID>30095807-CD45-B42D-621B-49277240988B</generatorID>
<ownerDesignName>model_relacional</ownerDesignName>
<referredTableLongName>Evento</referredTableLongName>
<deleteRule>NO ACTION</deleteRule>
<referredTableID>B5AED7DA-A972-2CCC-2524-712EF998794C</referredTableID>
<keyObject>21314071-59A0-FA72-FF0B-A272F9949FFB</keyObject>
<referredKeyID>21314071-59A0-FA72-FF0B-A272F9949FFB</referredKeyID>
<mandatory>true</mandatory>
<refColNames>id</refColNames>
<transferable>true</transferable>
<rely>false</rely>
<columnDependencyConstraintGenerateInDDL>true</columnDependencyConstraintGenerateInDDL>
</FKIndexAssociation>