<?xml version = '1.0' encoding = 'UTF-8'?>
<FKIndexAssociation class="oracle.dbtools.crest.model.design.relational.FKIndexAssociation" directorySegmentName="seg_0" id="3A2BFE97-1CFB-8D92-F8BA-162A27A5CE4B" containerWithKeyObject="15EE493B-AA91-7620-D077-E8A7867F9D7E" localFKIndex="0F6ADFF7-1718-4A2C-20F0-3BAF71387D68" name="ComentarioUsuario_Usuario_FK">
<createdBy>Kike</createdBy>
<createdTime>2022-04-06 20:51:43 UTC</createdTime>
<generatorID>E10BF35B-C30B-9A8E-58C8-FFB53F60797A</generatorID>
<ownerDesignName>model_relacional</ownerDesignName>
<referredTableLongName>Usuario</referredTableLongName>
<deleteRule>NO ACTION</deleteRule>
<referredTableID>B2F7369D-D49F-8A97-AC02-E98B8CB6FBF7</referredTableID>
<keyObject>CA203651-151D-EC17-23BD-B2CAD6EA430E</keyObject>
<referredKeyID>CA203651-151D-EC17-23BD-B2CAD6EA430E</referredKeyID>
<mandatory>true</mandatory>
<refColNames>id</refColNames>
<transferable>true</transferable>
<rely>false</rely>
<columnDependencyConstraintGenerateInDDL>true</columnDependencyConstraintGenerateInDDL>
</FKIndexAssociation>