<?xml version = '1.0' encoding = 'UTF-8'?>
<FKIndexAssociation class="oracle.dbtools.crest.model.design.relational.FKIndexAssociation" directorySegmentName="seg_0" id="76C0C46F-5240-59CC-5B23-A429E8166D3F" containerWithKeyObject="B3BA6330-E869-EFAA-EC76-AAE0C7A9F5C7" localFKIndex="0F8088B2-33C7-CA9D-8506-B6A2702D7FB2" name="participantes_Evento_FK">
<createdBy>Kike</createdBy>
<createdTime>2022-04-06 20:51:43 UTC</createdTime>
<generatorID>90D7F340-B356-1F2F-E11A-6527804F982D</generatorID>
<ownerDesignName>model_relacional</ownerDesignName>
<referredTableLongName>Evento</referredTableLongName>
<deleteRule>NO ACTION</deleteRule>
<referredTableID>B5AED7DA-A972-2CCC-2524-712EF998794C</referredTableID>
<keyObject>21314071-59A0-FA72-FF0B-A272F9949FFB</keyObject>
<referredKeyID>21314071-59A0-FA72-FF0B-A272F9949FFB</referredKeyID>
<mandatory>true</mandatory>
<refColNames>id</refColNames>
<transferable>true</transferable>
<rely>false</rely>
<columnDependencyConstraintGenerateInDDL>true</columnDependencyConstraintGenerateInDDL>
</FKIndexAssociation>