<?xml version = '1.0' encoding = 'UTF-8'?>
<FKIndexAssociation class="oracle.dbtools.crest.model.design.relational.FKIndexAssociation" directorySegmentName="seg_0" id="88ECAAF1-000D-B199-8732-60C99EFC345C" containerWithKeyObject="AF57DD8E-177F-5E68-E3A4-FE953BF39E91" localFKIndex="CF31D67B-4C72-EC04-1610-A916FDC1C225" name="Imagen_Publicacion_FK">
<createdBy>Kike</createdBy>
<createdTime>2022-04-06 20:51:43 UTC</createdTime>
<generatorID>3EEB2A85-7844-0879-BB7F-0B5FA4949745</generatorID>
<ownerDesignName>model_relacional</ownerDesignName>
<referredTableLongName>Publicacion</referredTableLongName>
<deleteRule>NO ACTION</deleteRule>
<referredTableID>97BDFCCA-A930-C44A-67E6-0E34D60BE19A</referredTableID>
<keyObject>F909FF91-1F7D-7516-D05C-704CE980C395</keyObject>
<referredKeyID>F909FF91-1F7D-7516-D05C-704CE980C395</referredKeyID>
<mandatory>true</mandatory>
<refColNames>id</refColNames>
<transferable>true</transferable>
<rely>false</rely>
<columnDependencyConstraintGenerateInDDL>true</columnDependencyConstraintGenerateInDDL>
</FKIndexAssociation>