<?xml version = '1.0' encoding = 'UTF-8'?>
<FKIndexAssociation class="oracle.dbtools.crest.model.design.relational.FKIndexAssociation" directorySegmentName="seg_0" id="9216B668-EB8D-9342-1F53-2E6E02792C66" containerWithKeyObject="8B25410C-B1B2-C410-B907-13BFCD7407D5" localFKIndex="2254D58B-94FC-CE32-1B3E-C192A60FE829" name="ValoracionUsuario_Usuario_FKv2">
<createdBy>Kike</createdBy>
<createdTime>2022-04-06 20:51:43 UTC</createdTime>
<generatorID>41131ACF-80E8-9E0D-C31A-0C42F11BCE07</generatorID>
<ownerDesignName>model_relacional</ownerDesignName>
<referredTableLongName>Usuario</referredTableLongName>
<deleteRule>NO ACTION</deleteRule>
<referredTableID>B2F7369D-D49F-8A97-AC02-E98B8CB6FBF7</referredTableID>
<keyObject>CA203651-151D-EC17-23BD-B2CAD6EA430E</keyObject>
<referredKeyID>CA203651-151D-EC17-23BD-B2CAD6EA430E</referredKeyID>
<mandatory>true</mandatory>
<refColNames>id</refColNames>
<transferable>true</transferable>
<rely>false</rely>
<columnDependencyConstraintGenerateInDDL>true</columnDependencyConstraintGenerateInDDL>
</FKIndexAssociation>