<?xml version = '1.0' encoding = 'UTF-8'?>
<FKIndexAssociation class="oracle.dbtools.crest.model.design.relational.FKIndexAssociation" directorySegmentName="seg_0" id="E63C0901-DA3F-F889-D4CE-03C8134966C6" containerWithKeyObject="34A7A198-4613-BC4E-23D5-2EC1783EE88B" localFKIndex="041976CA-DEC1-9E30-8750-87D1BDB7A158" name="ComentarioEvento_Evento_FK">
<createdBy>Kike</createdBy>
<createdTime>2022-04-06 20:51:43 UTC</createdTime>
<generatorID>31003325-9116-60E4-06CD-A9FAF6BCFAA2</generatorID>
<ownerDesignName>model_relacional</ownerDesignName>
<referredTableLongName>Evento</referredTableLongName>
<deleteRule>NO ACTION</deleteRule>
<referredTableID>B5AED7DA-A972-2CCC-2524-712EF998794C</referredTableID>
<keyObject>21314071-59A0-FA72-FF0B-A272F9949FFB</keyObject>
<referredKeyID>21314071-59A0-FA72-FF0B-A272F9949FFB</referredKeyID>
<mandatory>true</mandatory>
<refColNames>id</refColNames>
<transferable>true</transferable>
<rely>false</rely>
<columnDependencyConstraintGenerateInDDL>true</columnDependencyConstraintGenerateInDDL>
</FKIndexAssociation>