<?xml version = '1.0' encoding = 'UTF-8'?>
<FKIndexAssociation class="oracle.dbtools.crest.model.design.relational.FKIndexAssociation" directorySegmentName="seg_0" id="E94F242F-8143-FD3A-B431-D69523E5B909" containerWithKeyObject="15EE493B-AA91-7620-D077-E8A7867F9D7E" localFKIndex="0D7CAC7A-0B7E-CFA6-61E5-88863AA21974" name="ComentarioUsuario_Usuario_FKv1">
<createdBy>Kike</createdBy>
<createdTime>2022-04-06 20:51:43 UTC</createdTime>
<generatorID>2089BA46-BC81-591E-408C-4EE69347FB16</generatorID>
<ownerDesignName>model_relacional</ownerDesignName>
<referredTableLongName>Usuario</referredTableLongName>
<deleteRule>NO ACTION</deleteRule>
<referredTableID>B2F7369D-D49F-8A97-AC02-E98B8CB6FBF7</referredTableID>
<keyObject>CA203651-151D-EC17-23BD-B2CAD6EA430E</keyObject>
<referredKeyID>CA203651-151D-EC17-23BD-B2CAD6EA430E</referredKeyID>
<mandatory>true</mandatory>
<refColNames>id</refColNames>
<transferable>true</transferable>
<rely>false</rely>
<columnDependencyConstraintGenerateInDDL>true</columnDependencyConstraintGenerateInDDL>
</FKIndexAssociation>