<?xml version = '1.0' encoding = 'UTF-8'?>
<FKIndexAssociation class="oracle.dbtools.crest.model.design.relational.FKIndexAssociation" directorySegmentName="seg_0" id="EBB649E1-39EF-3903-380B-DC46C09C21FC" containerWithKeyObject="91345E32-4F1F-99BB-3359-E932A280B8A3" localFKIndex="E9764CE0-D0F1-6D1F-B9E8-9AAF4D23F1AA" name="Etiqueta_Evento_FK">
<createdBy>Kike</createdBy>
<createdTime>2022-04-22 21:45:11 UTC</createdTime>
<generatorID>BA0ED2A9-BD68-4446-70B4-7E17424D8F5F</generatorID>
<ownerDesignName>model_relacional</ownerDesignName>
<referredTableLongName>Evento</referredTableLongName>
<deleteRule>NO ACTION</deleteRule>
<referredTableID>B5AED7DA-A972-2CCC-2524-712EF998794C</referredTableID>
<keyObject>21314071-59A0-FA72-FF0B-A272F9949FFB</keyObject>
<referredKeyID>21314071-59A0-FA72-FF0B-A272F9949FFB</referredKeyID>
<mandatory>true</mandatory>
<refColNames>id</refColNames>
<transferable>true</transferable>
<rely>false</rely>
<columnDependencyConstraintGenerateInDDL>true</columnDependencyConstraintGenerateInDDL>
</FKIndexAssociation>