<?xml version = '1.0' encoding = 'UTF-8'?>
<FKIndexAssociation class="oracle.dbtools.crest.model.design.relational.FKIndexAssociation" directorySegmentName="seg_0" id="F68D1B6A-690B-0C0B-11F7-98D067CBFBE0" containerWithKeyObject="97BDFCCA-A930-C44A-67E6-0E34D60BE19A" localFKIndex="19192685-0D20-933B-3765-2E3F10F436A4" name="Publicacion_Usuario_FK">
<createdBy>Kike</createdBy>
<createdTime>2022-04-06 20:51:43 UTC</createdTime>
<generatorID>BD47DE8A-C61E-F360-CC01-7928A9BBAB66</generatorID>
<ownerDesignName>model_relacional</ownerDesignName>
<referredTableLongName>Usuario</referredTableLongName>
<deleteRule>NO ACTION</deleteRule>
<referredTableID>B2F7369D-D49F-8A97-AC02-E98B8CB6FBF7</referredTableID>
<keyObject>CA203651-151D-EC17-23BD-B2CAD6EA430E</keyObject>
<referredKeyID>CA203651-151D-EC17-23BD-B2CAD6EA430E</referredKeyID>
<mandatory>true</mandatory>
<refColNames>id</refColNames>
<transferable>true</transferable>
<rely>false</rely>
<columnDependencyConstraintGenerateInDDL>true</columnDependencyConstraintGenerateInDDL>
</FKIndexAssociation>