<?xml version = '1.0' encoding = 'UTF-8'?>
<Table class="oracle.dbtools.crest.model.design.relational.Table" directorySegmentName="seg_0" id="34A7A198-4613-BC4E-23D5-2EC1783EE88B" name="ComentarioEvento">
<createdBy>Kike</createdBy>
<createdTime>2022-04-06 20:51:43 UTC</createdTime>
<generatorID>5D93E94E-D4C0-13A4-7A3F-2A3B2EE1AFF0</generatorID>
<ownerDesignName>model_relacional</ownerDesignName>
<allowColumnReorder>false</allowColumnReorder>
<existDependencyGenerateInDDl>true</existDependencyGenerateInDDl>
<parsed>true</parsed>
<columns itemClass="oracle.dbtools.crest.model.design.relational.Column">
<Column name="fecha" id="2B2AC600-49CD-8437-FE59-A0856833C98C">
<createdBy>Kike</createdBy>
<createdTime>2022-04-06 20:51:43 UTC</createdTime>
<generatorID>02D42ACB-7B1B-BECA-40F3-5EA3F45E3ABC</generatorID>
<ownerDesignName>model_relacional</ownerDesignName>
<useDomainConstraints>false</useDomainConstraints>
<use>1</use>
<logicalDatatype>LOGDT008</logicalDatatype>
<ownDataTypeParameters>,,</ownDataTypeParameters>
<autoIncrementCycle>false</autoIncrementCycle>
</Column>
<Column name="contenido" id="1FA4D183-AFDC-773A-1893-45D772A86468">
<createdBy>Kike</createdBy>
<createdTime>2022-04-06 20:51:43 UTC</createdTime>
<generatorID>CC92CE01-D4C7-A26F-4C41-C77DD783D9EE</generatorID>
<ownerDesignName>model_relacional</ownerDesignName>
<useDomainConstraints>false</useDomainConstraints>
<use>1</use>
<logicalDatatype>LOGDT024</logicalDatatype>
<dataTypeSize>200 CHAR</dataTypeSize>
<ownDataTypeParameters>200 CHAR,,</ownDataTypeParameters>
<autoIncrementCycle>false</autoIncrementCycle>
</Column>
<Column name="Evento_id" id="96E16D7D-CEBD-721C-9F1A-DA2A987E35E3">
<createdBy>Kike</createdBy>
<createdTime>2022-04-06 20:51:43 UTC</createdTime>
<generatorID>DBB793A2-8E59-1580-724B-3636DC6D3348</generatorID>
<ownerDesignName>model_relacional</ownerDesignName>
<useDomainConstraints>false</useDomainConstraints>
<use>1</use>
<logicalDatatype>LOGDT011</logicalDatatype>
<ownDataTypeParameters>,,</ownDataTypeParameters>
<previousColumn>false</previousColumn>
<autoIncrementCycle>false</autoIncrementCycle>
<associations>
<colAssociation fkAssociation="E63C0901-DA3F-F889-D4CE-03C8134966C6" referredColumn="1D6AAAA8-2F16-9755-638F-A2B684CD3435"/>
</associations>
</Column>
<Column name="Usuario_id" id="D9B45F1C-35A5-68AA-DA85-D21ABF18F6E1">
<createdBy>Kike</createdBy>
<createdTime>2022-04-06 20:51:43 UTC</createdTime>
<generatorID>EA5B59BE-A2D5-0D5A-3945-772651F55E77</generatorID>
<ownerDesignName>model_relacional</ownerDesignName>
<useDomainConstraints>false</useDomainConstraints>
<use>1</use>
<logicalDatatype>LOGDT011</logicalDatatype>
<ownDataTypeParameters>,,</ownDataTypeParameters>
<previousColumn>false</previousColumn>
<autoIncrementCycle>false</autoIncrementCycle>
<associations>
<colAssociation fkAssociation="B175B159-86F3-3151-951E-0D2BC850B407" referredColumn="F496CC45-5F05-14C4-F144-072759A46390"/>
</associations>
</Column>
</columns>
<indexes itemClass="oracle.dbtools.crest.model.design.relational.Index">
<ind_PK_UK id="F1884F5E-49C0-2C9C-F51A-3D1FCD4598E5" name="ComentarioEvento_Usuario_FK">
<createdBy>Kike</createdBy>
<createdTime>2022-04-06 20:51:43 UTC</createdTime>
<generatorID>583779D2-19CB-6F43-6A64-D04E53DD806A</generatorID>
<ownerDesignName>model_relacional</ownerDesignName>
<indexState>Foreign Key</indexState>
<isSurrogateKey>false</isSurrogateKey>
<indexColumnUsage>
<colUsage columnID="D9B45F1C-35A5-68AA-DA85-D21ABF18F6E1"/>
</indexColumnUsage>
</ind_PK_UK>
<ind_PK_UK id="041976CA-DEC1-9E30-8750-87D1BDB7A158" name="ComentarioEvento_Evento_FK">
<createdBy>Kike</createdBy>
<createdTime>2022-04-06 20:51:43 UTC</createdTime>
<generatorID>31003325-9116-60E4-06CD-A9FAF6BCFAA2</generatorID>
<ownerDesignName>model_relacional</ownerDesignName>
<indexState>Foreign Key</indexState>
<isSurrogateKey>false</isSurrogateKey>
<indexColumnUsage>
<colUsage columnID="96E16D7D-CEBD-721C-9F1A-DA2A987E35E3"/>
</indexColumnUsage>
</ind_PK_UK>
</indexes>
</Table>