<?xml version = '1.0' encoding = 'UTF-8'?>
<Table class="oracle.dbtools.crest.model.design.relational.Table" directorySegmentName="seg_0" id="8B25410C-B1B2-C410-B907-13BFCD7407D5" name="ValoracionUsuario">
<createdBy>Kike</createdBy>
<createdTime>2022-04-06 20:51:43 UTC</createdTime>
<generatorID>19EBD417-99FE-0064-8100-F586DEFD84AA</generatorID>
<ownerDesignName>model_relacional</ownerDesignName>
<allowColumnReorder>false</allowColumnReorder>
<existDependencyGenerateInDDl>true</existDependencyGenerateInDDl>
<parsed>true</parsed>
<columns itemClass="oracle.dbtools.crest.model.design.relational.Column">
<Column name="valor" id="8B597FE9-104C-6A95-1960-2C54ADA32737">
<createdBy>Kike</createdBy>
<createdTime>2022-04-06 20:51:43 UTC</createdTime>
<generatorID>AE20CAA1-C94B-F1F5-17B5-143E671A9018</generatorID>
<ownerDesignName>model_relacional</ownerDesignName>
<useDomainConstraints>false</useDomainConstraints>
<use>1</use>
<logicalDatatype>LOGDT021</logicalDatatype>
<ownDataTypeParameters>,,</ownDataTypeParameters>
<autoIncrementCycle>false</autoIncrementCycle>
</Column>
<Column name="Usuario_id1" id="9FED65BF-572C-D33E-DE34-60FDF4104D71">
<createdBy>Kike</createdBy>
<createdTime>2022-04-06 20:51:43 UTC</createdTime>
<generatorID>69BEB853-87F8-ED8F-24A8-E3E89A750D1F</generatorID>
<ownerDesignName>model_relacional</ownerDesignName>
<useDomainConstraints>false</useDomainConstraints>
<use>1</use>
<logicalDatatype>LOGDT011</logicalDatatype>
<ownDataTypeParameters>,,</ownDataTypeParameters>
<previousColumn>false</previousColumn>
<autoIncrementCycle>false</autoIncrementCycle>
<associations>
<colAssociation fkAssociation="9216B668-EB8D-9342-1F53-2E6E02792C66" referredColumn="F496CC45-5F05-14C4-F144-072759A46390"/>
</associations>
</Column>
<Column name="Usuario_id" id="385797BA-4731-63B9-6142-37C50C3AA927">
<createdBy>Kike</createdBy>
<createdTime>2022-04-06 20:51:43 UTC</createdTime>
<generatorID>FA0FEAA9-BBBF-33FC-92CA-FDB132E3F28A</generatorID>
<ownerDesignName>model_relacional</ownerDesignName>
<useDomainConstraints>false</useDomainConstraints>
<use>1</use>
<logicalDatatype>LOGDT011</logicalDatatype>
<ownDataTypeParameters>,,</ownDataTypeParameters>
<previousColumn>false</previousColumn>
<autoIncrementCycle>false</autoIncrementCycle>
<associations>
<colAssociation fkAssociation="4E11930F-DF36-DB69-DF75-134A515629E1" referredColumn="F496CC45-5F05-14C4-F144-072759A46390"/>
</associations>
</Column>
</columns>
<indexes itemClass="oracle.dbtools.crest.model.design.relational.Index">
<ind_PK_UK id="B9C90B35-F186-8823-1B48-9E74240D9D19" name="ValoracionUsuario_Usuario_FK">
<createdBy>Kike</createdBy>
<createdTime>2022-04-06 20:51:43 UTC</createdTime>
<generatorID>CFA759C5-118D-1DDB-BB9F-B2FE2ADCAB3E</generatorID>
<ownerDesignName>model_relacional</ownerDesignName>
<indexState>Foreign Key</indexState>
<isSurrogateKey>false</isSurrogateKey>
<indexColumnUsage>
<colUsage columnID="385797BA-4731-63B9-6142-37C50C3AA927"/>
</indexColumnUsage>
</ind_PK_UK>
<ind_PK_UK id="2254D58B-94FC-CE32-1B3E-C192A60FE829" name="ValoracionUsuario_Usuario_FKv2">
<createdBy>Kike</createdBy>
<createdTime>2022-04-06 20:51:43 UTC</createdTime>
<generatorID>41131ACF-80E8-9E0D-C31A-0C42F11BCE07</generatorID>
<ownerDesignName>model_relacional</ownerDesignName>
<indexState>Foreign Key</indexState>
<isSurrogateKey>false</isSurrogateKey>
<indexColumnUsage>
<colUsage columnID="9FED65BF-572C-D33E-DE34-60FDF4104D71"/>
</indexColumnUsage>
</ind_PK_UK>
</indexes>
</Table>