<?xml version = '1.0' encoding = 'UTF-8'?>
<Table class="oracle.dbtools.crest.model.design.relational.Table" directorySegmentName="seg_0" id="91345E32-4F1F-99BB-3359-E932A280B8A3" name="Etiqueta">
<createdBy>Kike</createdBy>
<createdTime>2022-04-22 21:45:11 UTC</createdTime>
<generatorID>9EE21264-D2EE-A115-C257-347E5E81AFAE</generatorID>
<ownerDesignName>model_relacional</ownerDesignName>
<allowColumnReorder>false</allowColumnReorder>
<existDependencyGenerateInDDl>true</existDependencyGenerateInDDl>
<parsed>true</parsed>
<columns itemClass="oracle.dbtools.crest.model.design.relational.Column">
<Column name="nombre" id="BAF47B8A-FBC9-CF84-A451-F4DA41447609">
<createdBy>Kike</createdBy>
<createdTime>2022-04-22 21:45:11 UTC</createdTime>
<generatorID>14BEBDA0-BD52-5F65-DD3B-FC917F081884</generatorID>
<ownerDesignName>model_relacional</ownerDesignName>
<nullsAllowed>true</nullsAllowed>
<useDomainConstraints>false</useDomainConstraints>
<use>1</use>
<logicalDatatype>LOGDT024</logicalDatatype>
<ownDataTypeParameters>,,</ownDataTypeParameters>
<autoIncrementCycle>false</autoIncrementCycle>
</Column>
<Column name="Evento_id" id="2F42BC69-2056-954C-9906-BDDF3E0AA824">
<createdBy>Kike</createdBy>
<createdTime>2022-04-22 21:45:11 UTC</createdTime>
<generatorID>85D4061D-733A-8ED8-AF21-B486E0A1E098</generatorID>
<ownerDesignName>model_relacional</ownerDesignName>
<useDomainConstraints>false</useDomainConstraints>
<use>1</use>
<logicalDatatype>LOGDT011</logicalDatatype>
<ownDataTypeParameters>,,</ownDataTypeParameters>
<previousColumn>false</previousColumn>
<autoIncrementCycle>false</autoIncrementCycle>
<associations>
<colAssociation fkAssociation="EBB649E1-39EF-3903-380B-DC46C09C21FC" referredColumn="1D6AAAA8-2F16-9755-638F-A2B684CD3435"/>
</associations>
</Column>
</columns>
<indexes itemClass="oracle.dbtools.crest.model.design.relational.Index">
<ind_PK_UK id="D2C1E465-F7C9-15A1-EBFF-BDC25B33010D" name="Etiqueta_PK">
<createdBy>Kike</createdBy>
<createdTime>2022-04-22 21:45:11 UTC</createdTime>
<generatorID>6340E204-2E9F-0983-E1E9-B9BDE8558C28</generatorID>
<ownerDesignName>model_relacional</ownerDesignName>
<pk>true</pk>
<indexState>Primary Constraint</indexState>
<isSurrogateKey>false</isSurrogateKey>
<indexColumnUsage>
<colUsage columnID="2F42BC69-2056-954C-9906-BDDF3E0AA824"/>
</indexColumnUsage>
</ind_PK_UK>
<ind_PK_UK id="E9764CE0-D0F1-6D1F-B9E8-9AAF4D23F1AA" name="Etiqueta_Evento_FK">
<createdBy>Kike</createdBy>
<createdTime>2022-04-22 21:45:11 UTC</createdTime>
<generatorID>BA0ED2A9-BD68-4446-70B4-7E17424D8F5F</generatorID>
<ownerDesignName>model_relacional</ownerDesignName>
<indexState>Foreign Key</indexState>
<isSurrogateKey>false</isSurrogateKey>
<indexColumnUsage>
<colUsage columnID="2F42BC69-2056-954C-9906-BDDF3E0AA824"/>
</indexColumnUsage>
</ind_PK_UK>
</indexes>
</Table>