<?xml version = '1.0' encoding = 'UTF-8'?>
<Table class="oracle.dbtools.crest.model.design.relational.Table" directorySegmentName="seg_0" id="97BDFCCA-A930-C44A-67E6-0E34D60BE19A" name="Publicacion">
<createdBy>Kike</createdBy>
<createdTime>2022-04-06 20:51:43 UTC</createdTime>
<generatorID>ADB26BB4-F562-1FBC-B243-C965E311252C</generatorID>
<ownerDesignName>model_relacional</ownerDesignName>
<allowColumnReorder>false</allowColumnReorder>
<existDependencyGenerateInDDl>true</existDependencyGenerateInDDl>
<parsed>true</parsed>
<columns itemClass="oracle.dbtools.crest.model.design.relational.Column">
<Column name="fecha" id="45F0A980-9515-DCF4-209C-47F59074AB91">
<createdBy>Kike</createdBy>
<createdTime>2022-04-06 20:51:43 UTC</createdTime>
<generatorID>55DEFC5A-76DE-866A-7AF1-D1FFF77EA012</generatorID>
<ownerDesignName>model_relacional</ownerDesignName>
<useDomainConstraints>false</useDomainConstraints>
<use>1</use>
<logicalDatatype>LOGDT008</logicalDatatype>
<ownDataTypeParameters>,,</ownDataTypeParameters>
<autoIncrementCycle>false</autoIncrementCycle>
</Column>
<Column name="contenido" id="E77A1B58-ADA1-25D7-0670-B606253E0213">
<createdBy>Kike</createdBy>
<createdTime>2022-04-06 20:51:43 UTC</createdTime>
<generatorID>C73CC7BE-5B8E-525D-1868-CBABC1D0D945</generatorID>
<ownerDesignName>model_relacional</ownerDesignName>
<useDomainConstraints>false</useDomainConstraints>
<use>1</use>
<logicalDatatype>LOGDT024</logicalDatatype>
<dataTypeSize>200 CHAR</dataTypeSize>
<ownDataTypeParameters>200 CHAR,,</ownDataTypeParameters>
<autoIncrementCycle>false</autoIncrementCycle>
</Column>
<Column name="id" id="6708BE15-78BE-EADE-C731-9A559DE91F26">
<createdBy>Kike</createdBy>
<createdTime>2022-04-06 20:51:43 UTC</createdTime>
<generatorID>D8F99F85-4602-ADD8-BF61-616BF7FFBF8B</generatorID>
<ownerDesignName>model_relacional</ownerDesignName>
<useDomainConstraints>false</useDomainConstraints>
<use>1</use>
<logicalDatatype>LOGDT011</logicalDatatype>
<ownDataTypeParameters>,,</ownDataTypeParameters>
<autoIncrementCycle>false</autoIncrementCycle>
</Column>
<Column name="Evento_id" id="636F5EFD-F2E4-7B0B-4CA8-753A2C54F40E">
<createdBy>Kike</createdBy>
<createdTime>2022-04-06 20:51:43 UTC</createdTime>
<generatorID>9DCC4949-00C2-C579-BA5B-E7C7EF2883CD</generatorID>
<ownerDesignName>model_relacional</ownerDesignName>
<useDomainConstraints>false</useDomainConstraints>
<use>1</use>
<logicalDatatype>LOGDT011</logicalDatatype>
<ownDataTypeParameters>,,</ownDataTypeParameters>
<previousColumn>false</previousColumn>
<autoIncrementCycle>false</autoIncrementCycle>
<associations>
<colAssociation fkAssociation="0720412C-44B2-10FC-7160-B0725723F615" referredColumn="1D6AAAA8-2F16-9755-638F-A2B684CD3435"/>
</associations>
</Column>
<Column name="Usuario_id" id="1D277DE1-3ACA-44F8-5745-B3EAFFF7D561">
<createdBy>Kike</createdBy>
<createdTime>2022-04-06 20:51:43 UTC</createdTime>
<generatorID>28F316CF-85E3-E97A-0ECD-8422FFD4015F</generatorID>
<ownerDesignName>model_relacional</ownerDesignName>
<useDomainConstraints>false</useDomainConstraints>
<use>1</use>
<logicalDatatype>LOGDT011</logicalDatatype>
<ownDataTypeParameters>,,</ownDataTypeParameters>
<previousColumn>false</previousColumn>
<autoIncrementCycle>false</autoIncrementCycle>
<associations>
<colAssociation fkAssociation="F68D1B6A-690B-0C0B-11F7-98D067CBFBE0" referredColumn="F496CC45-5F05-14C4-F144-072759A46390"/>
</associations>
</Column>
</columns>
<indexes itemClass="oracle.dbtools.crest.model.design.relational.Index">
<ind_PK_UK id="F909FF91-1F7D-7516-D05C-704CE980C395" name="Publicacion_PK">
<createdBy>Kike</createdBy>
<createdTime>2022-04-06 20:51:43 UTC</createdTime>
<generatorID>D46EAC59-F6EE-4692-8FB7-DD4508CFC418</generatorID>
<ownerDesignName>model_relacional</ownerDesignName>
<pk>true</pk>
<indexState>Primary Constraint</indexState>
<isSurrogateKey>false</isSurrogateKey>
<indexColumnUsage>
<colUsage columnID="6708BE15-78BE-EADE-C731-9A559DE91F26"/>
</indexColumnUsage>
</ind_PK_UK>
<ind_PK_UK id="19192685-0D20-933B-3765-2E3F10F436A4" name="Publicacion_Usuario_FK">
<createdBy>Kike</createdBy>
<createdTime>2022-04-06 20:51:43 UTC</createdTime>
<generatorID>BD47DE8A-C61E-F360-CC01-7928A9BBAB66</generatorID>
<ownerDesignName>model_relacional</ownerDesignName>
<indexState>Foreign Key</indexState>
<isSurrogateKey>false</isSurrogateKey>
<indexColumnUsage>
<colUsage columnID="1D277DE1-3ACA-44F8-5745-B3EAFFF7D561"/>
</indexColumnUsage>
</ind_PK_UK>
<ind_PK_UK id="C48DD91E-7E67-C51E-545B-AFFCE395D6DC" name="Publicacion_Evento_FK">
<createdBy>Kike</createdBy>
<createdTime>2022-04-06 20:51:43 UTC</createdTime>
<generatorID>30095807-CD45-B42D-621B-49277240988B</generatorID>
<ownerDesignName>model_relacional</ownerDesignName>
<indexState>Foreign Key</indexState>
<isSurrogateKey>false</isSurrogateKey>
<indexColumnUsage>
<colUsage columnID="636F5EFD-F2E4-7B0B-4CA8-753A2C54F40E"/>
</indexColumnUsage>
</ind_PK_UK>
</indexes>
</Table>