<?xml version = '1.0' encoding = 'UTF-8'?>
<Table class="oracle.dbtools.crest.model.design.relational.Table" directorySegmentName="seg_0" id="AF57DD8E-177F-5E68-E3A4-FE953BF39E91" name="Imagen">
<createdBy>Kike</createdBy>
<createdTime>2022-04-06 20:51:43 UTC</createdTime>
<generatorID>B3538250-6CCA-BAB0-8003-874D977FAD70</generatorID>
<ownerDesignName>model_relacional</ownerDesignName>
<allowColumnReorder>false</allowColumnReorder>
<existDependencyGenerateInDDl>true</existDependencyGenerateInDDl>
<parsed>true</parsed>
<columns itemClass="oracle.dbtools.crest.model.design.relational.Column">
<Column name="imagen" id="CA91F1E8-DC18-B722-46FC-30C1E03D4A62">
<createdBy>Kike</createdBy>
<createdTime>2022-04-06 20:51:43 UTC</createdTime>
<generatorID>C3023443-25DC-910D-25A3-441E8595609E</generatorID>
<ownerDesignName>model_relacional</ownerDesignName>
<useDomainConstraints>false</useDomainConstraints>
<use>1</use>
<logicalDatatype>LOGDT029</logicalDatatype>
<ownDataTypeParameters>,,</ownDataTypeParameters>
<autoIncrementCycle>false</autoIncrementCycle>
</Column>
<Column name="Publicacion_id" id="D550D027-06B5-88C4-3ED1-1855856BED3F">
<createdBy>Kike</createdBy>
<createdTime>2022-04-06 20:51:43 UTC</createdTime>
<generatorID>9EEA67E7-63F6-60D2-07ED-B7AB28781005</generatorID>
<ownerDesignName>model_relacional</ownerDesignName>
<useDomainConstraints>false</useDomainConstraints>
<use>1</use>
<logicalDatatype>LOGDT011</logicalDatatype>
<ownDataTypeParameters>,,</ownDataTypeParameters>
<previousColumn>false</previousColumn>
<autoIncrementCycle>false</autoIncrementCycle>
<associations>
<colAssociation fkAssociation="88ECAAF1-000D-B199-8732-60C99EFC345C" referredColumn="6708BE15-78BE-EADE-C731-9A559DE91F26"/>
</associations>
</Column>
</columns>
<indexes itemClass="oracle.dbtools.crest.model.design.relational.Index">
<ind_PK_UK id="CF31D67B-4C72-EC04-1610-A916FDC1C225" name="Imagen_Publicacion_FK">
<createdBy>Kike</createdBy>
<createdTime>2022-04-06 20:51:43 UTC</createdTime>
<generatorID>3EEB2A85-7844-0879-BB7F-0B5FA4949745</generatorID>
<ownerDesignName>model_relacional</ownerDesignName>
<indexState>Foreign Key</indexState>
<isSurrogateKey>false</isSurrogateKey>
<indexColumnUsage>
<colUsage columnID="D550D027-06B5-88C4-3ED1-1855856BED3F"/>
</indexColumnUsage>
</ind_PK_UK>
</indexes>
</Table>