<?xml version = '1.0' encoding = 'UTF-8'?>
<Table class="oracle.dbtools.crest.model.design.relational.Table" directorySegmentName="seg_0" id="B116CD0F-FAF2-F399-6943-65B94575272B" name="ValoracionEvento">
<createdBy>Kike</createdBy>
<createdTime>2022-04-06 20:51:43 UTC</createdTime>
<generatorID>41933D19-2866-A853-DE7B-0511D21DA43A</generatorID>
<ownerDesignName>model_relacional</ownerDesignName>
<allowColumnReorder>false</allowColumnReorder>
<existDependencyGenerateInDDl>true</existDependencyGenerateInDDl>
<parsed>true</parsed>
<columns itemClass="oracle.dbtools.crest.model.design.relational.Column">
<Column name="valor" id="EA3CB4F5-B4AB-A55D-A657-19BFB72CB8EF">
<createdBy>Kike</createdBy>
<createdTime>2022-04-06 20:51:43 UTC</createdTime>
<generatorID>BB59D4C7-4F94-F5CD-963F-8F49F7507045</generatorID>
<ownerDesignName>model_relacional</ownerDesignName>
<useDomainConstraints>false</useDomainConstraints>
<use>1</use>
<logicalDatatype>LOGDT021</logicalDatatype>
<ownDataTypeParameters>,,</ownDataTypeParameters>
<autoIncrementCycle>false</autoIncrementCycle>
</Column>
<Column name="Evento_id" id="AB77B1BF-1821-DE27-0B6E-47AD62E607DB">
<createdBy>Kike</createdBy>
<createdTime>2022-04-06 20:51:43 UTC</createdTime>
<generatorID>BAAD70BE-0113-084E-EE00-02A58620BE7F</generatorID>
<ownerDesignName>model_relacional</ownerDesignName>
<useDomainConstraints>false</useDomainConstraints>
<use>1</use>
<logicalDatatype>LOGDT011</logicalDatatype>
<ownDataTypeParameters>,,</ownDataTypeParameters>
<previousColumn>false</previousColumn>
<autoIncrementCycle>false</autoIncrementCycle>
<associations>
<colAssociation fkAssociation="061E8FC6-D8C5-0FE9-DF0B-37919AAF4DD8" referredColumn="1D6AAAA8-2F16-9755-638F-A2B684CD3435"/>
</associations>
</Column>
<Column name="Usuario_id" id="8C4A165D-32EC-652A-D24D-F389B2A759E9">
<createdBy>Kike</createdBy>
<createdTime>2022-04-06 20:51:43 UTC</createdTime>
<generatorID>7F18667E-AA54-39C9-9AE6-9774D15B181B</generatorID>
<ownerDesignName>model_relacional</ownerDesignName>
<useDomainConstraints>false</useDomainConstraints>
<use>1</use>
<logicalDatatype>LOGDT011</logicalDatatype>
<ownDataTypeParameters>,,</ownDataTypeParameters>
<previousColumn>false</previousColumn>
<autoIncrementCycle>false</autoIncrementCycle>
<associations>
<colAssociation fkAssociation="E7605665-71BF-8A5C-57B4-4D9C791FCEE4" referredColumn="F496CC45-5F05-14C4-F144-072759A46390"/>
</associations>
</Column>
</columns>
<indexes itemClass="oracle.dbtools.crest.model.design.relational.Index">
<ind_PK_UK id="5AF33961-B529-CB86-9C9F-A740D5E13B63" name="ValoracionEvento_Usuario_FK">
<createdBy>Kike</createdBy>
<createdTime>2022-04-06 20:51:43 UTC</createdTime>
<generatorID>38FB2782-4F6C-7E0A-E539-71B42E0EF03F</generatorID>
<ownerDesignName>model_relacional</ownerDesignName>
<indexState>Foreign Key</indexState>
<isSurrogateKey>false</isSurrogateKey>
<indexColumnUsage>
<colUsage columnID="8C4A165D-32EC-652A-D24D-F389B2A759E9"/>
</indexColumnUsage>
</ind_PK_UK>
<ind_PK_UK id="24570C21-2ACE-1E0C-8CB8-006307FC60B7" name="ValoracionEvento_Evento_FK">
<createdBy>Kike</createdBy>
<createdTime>2022-04-06 20:51:43 UTC</createdTime>
<generatorID>84AED200-B681-2389-21F4-BF23E4D23F05</generatorID>
<ownerDesignName>model_relacional</ownerDesignName>
<indexState>Foreign Key</indexState>
<isSurrogateKey>false</isSurrogateKey>
<indexColumnUsage>
<colUsage columnID="AB77B1BF-1821-DE27-0B6E-47AD62E607DB"/>
</indexColumnUsage>
</ind_PK_UK>
</indexes>
</Table>