<?xml version = '1.0' encoding = 'UTF-8'?>
<Table class="oracle.dbtools.crest.model.design.relational.Table" directorySegmentName="seg_0" id="B3BA6330-E869-EFAA-EC76-AAE0C7A9F5C7" name="participantes">
<createdBy>Kike</createdBy>
<createdTime>2022-04-06 20:51:43 UTC</createdTime>
<ownerDesignName>model_relacional</ownerDesignName>
<allowColumnReorder>false</allowColumnReorder>
<existDependencyGenerateInDDl>true</existDependencyGenerateInDDl>
<parsed>true</parsed>
<columns itemClass="oracle.dbtools.crest.model.design.relational.Column">
<Column name="Evento_id" id="6FCB4B01-5A16-2D7D-66E8-CD7FE1EFB940">
<createdBy>Kike</createdBy>
<createdTime>2022-04-06 20:51:43 UTC</createdTime>
<ownerDesignName>model_relacional</ownerDesignName>
<useDomainConstraints>false</useDomainConstraints>
<use>1</use>
<logicalDatatype>LOGDT011</logicalDatatype>
<ownDataTypeParameters>,,</ownDataTypeParameters>
<previousColumn>false</previousColumn>
<autoIncrementCycle>false</autoIncrementCycle>
<associations>
<colAssociation fkAssociation="76C0C46F-5240-59CC-5B23-A429E8166D3F" referredColumn="1D6AAAA8-2F16-9755-638F-A2B684CD3435"/>
</associations>
</Column>
<Column name="Usuario_id" id="92A67743-2D4D-B356-9C1C-A59D76CD1F86">
<createdBy>Kike</createdBy>
<createdTime>2022-04-06 20:51:43 UTC</createdTime>
<ownerDesignName>model_relacional</ownerDesignName>
<useDomainConstraints>false</useDomainConstraints>
<use>1</use>
<logicalDatatype>LOGDT011</logicalDatatype>
<ownDataTypeParameters>,,</ownDataTypeParameters>
<previousColumn>false</previousColumn>
<autoIncrementCycle>false</autoIncrementCycle>
<associations>
<colAssociation fkAssociation="0564D62A-6353-5ADD-D271-639321D050D6" referredColumn="F496CC45-5F05-14C4-F144-072759A46390"/>
</associations>
</Column>
</columns>
<indexes itemClass="oracle.dbtools.crest.model.design.relational.Index">
<ind_PK_UK id="A0AD4367-65A8-680C-3BDF-E9E7724B60E0" name="participantes_PK">
<createdBy>Kike</createdBy>
<createdTime>2022-04-06 20:51:43 UTC</createdTime>
<ownerDesignName>model_relacional</ownerDesignName>
<pk>true</pk>
<indexState>Primary Constraint</indexState>
<isSurrogateKey>false</isSurrogateKey>
<indexColumnUsage>
<colUsage columnID="6FCB4B01-5A16-2D7D-66E8-CD7FE1EFB940"/>
<colUsage columnID="92A67743-2D4D-B356-9C1C-A59D76CD1F86"/>
</indexColumnUsage>
</ind_PK_UK>
<ind_PK_UK id="0F8088B2-33C7-CA9D-8506-B6A2702D7FB2" name="participantes_Evento_FK">
<createdBy>Kike</createdBy>
<createdTime>2022-04-06 20:51:43 UTC</createdTime>
<generatorID>90D7F340-B356-1F2F-E11A-6527804F982D</generatorID>
<ownerDesignName>model_relacional</ownerDesignName>
<indexState>Foreign Key</indexState>
<isSurrogateKey>false</isSurrogateKey>
<indexColumnUsage>
<colUsage columnID="6FCB4B01-5A16-2D7D-66E8-CD7FE1EFB940"/>
</indexColumnUsage>
</ind_PK_UK>
<ind_PK_UK id="40F60169-7AB8-3221-B20A-EB8171D0909F" name="participantes_Usuario_FK">
<createdBy>Kike</createdBy>
<createdTime>2022-04-06 20:51:43 UTC</createdTime>
<generatorID>90D7F340-B356-1F2F-E11A-6527804F982D</generatorID>
<ownerDesignName>model_relacional</ownerDesignName>
<indexState>Foreign Key</indexState>
<isSurrogateKey>false</isSurrogateKey>
<indexColumnUsage>
<colUsage columnID="92A67743-2D4D-B356-9C1C-A59D76CD1F86"/>
</indexColumnUsage>
</ind_PK_UK>
</indexes>
</Table>