<?xml version = '1.0' encoding = 'UTF-8'?>
<Table class="oracle.dbtools.crest.model.design.relational.Table" directorySegmentName="seg_0" id="B5AED7DA-A972-2CCC-2524-712EF998794C" name="Evento">
<createdBy>Kike</createdBy>
<createdTime>2022-04-06 20:51:43 UTC</createdTime>
<generatorID>EE3C4247-5398-42DA-0374-46E33ED335AD</generatorID>
<ownerDesignName>model_relacional</ownerDesignName>
<allowColumnReorder>false</allowColumnReorder>
<existDependencyGenerateInDDl>true</existDependencyGenerateInDDl>
<parsed>true</parsed>
<columns itemClass="oracle.dbtools.crest.model.design.relational.Column">
<Column name="nombre" id="A99161DC-1469-AE5B-7A27-7FECC3D9DD00">
<createdBy>Kike</createdBy>
<createdTime>2022-04-06 20:51:43 UTC</createdTime>
<generatorID>0DBF6D96-E4F3-8519-ADE3-89C8F01A3920</generatorID>
<ownerDesignName>model_relacional</ownerDesignName>
<useDomainConstraints>false</useDomainConstraints>
<use>1</use>
<logicalDatatype>LOGDT024</logicalDatatype>
<dataTypeSize>100 CHAR</dataTypeSize>
<ownDataTypeParameters>100 CHAR,,</ownDataTypeParameters>
<autoIncrementCycle>false</autoIncrementCycle>
</Column>
<Column name="id" id="1D6AAAA8-2F16-9755-638F-A2B684CD3435">
<createdBy>Kike</createdBy>
<createdTime>2022-04-06 20:51:43 UTC</createdTime>
<generatorID>07DFADF3-3279-7E20-C29C-1D36295ED349</generatorID>
<ownerDesignName>model_relacional</ownerDesignName>
<useDomainConstraints>false</useDomainConstraints>
<use>1</use>
<logicalDatatype>LOGDT011</logicalDatatype>
<ownDataTypeParameters>,,</ownDataTypeParameters>
<autoIncrementCycle>false</autoIncrementCycle>
</Column>
<Column name="ubicacion" id="920ADE76-A289-6F69-243B-7A5EB5C57A13">
<createdBy>Kike</createdBy>
<createdTime>2022-04-06 20:51:43 UTC</createdTime>
<generatorID>1542902E-8D2E-854F-4754-EA4C9B4B549E</generatorID>
<ownerDesignName>model_relacional</ownerDesignName>
<useDomainConstraints>false</useDomainConstraints>
<use>1</use>
<logicalDatatype>LOGDT024</logicalDatatype>
<dataTypeSize>200 CHAR</dataTypeSize>
<ownDataTypeParameters>200 CHAR,,</ownDataTypeParameters>
<autoIncrementCycle>false</autoIncrementCycle>
</Column>
<Column name="fecha" id="E70453CC-042A-3EF0-48E0-B3D88A6F39B6">
<createdBy>Kike</createdBy>
<createdTime>2022-04-06 20:51:43 UTC</createdTime>
<generatorID>F00E4FD0-5983-5E96-F184-0AAE4DDCF04B</generatorID>
<ownerDesignName>model_relacional</ownerDesignName>
<useDomainConstraints>false</useDomainConstraints>
<use>1</use>
<logicalDatatype>LOGDT008</logicalDatatype>
<ownDataTypeParameters>,,</ownDataTypeParameters>
<autoIncrementCycle>false</autoIncrementCycle>
</Column>
<Column name="valoracion" id="C76FE340-7A51-AEC3-4F40-679F352F1284">
<createdBy>Kike</createdBy>
<createdTime>2022-04-06 20:51:43 UTC</createdTime>
<generatorID>D8010400-9815-959D-6A75-49CD00697A69</generatorID>
<ownerDesignName>model_relacional</ownerDesignName>
<useDomainConstraints>false</useDomainConstraints>
<use>1</use>
<logicalDatatype>LOGDT021</logicalDatatype>
<ownDataTypeParameters>,,</ownDataTypeParameters>
<autoIncrementCycle>false</autoIncrementCycle>
</Column>
<Column name="Usuario_id" id="C6548D20-B24A-1ABF-7B27-08D91AB7EB84">
<createdBy>Kike</createdBy>
<createdTime>2022-04-06 20:51:43 UTC</createdTime>
<generatorID>65F12A41-2A2E-CCEA-4AD2-E681DB492E56</generatorID>
<ownerDesignName>model_relacional</ownerDesignName>
<useDomainConstraints>false</useDomainConstraints>
<use>1</use>
<logicalDatatype>LOGDT011</logicalDatatype>
<ownDataTypeParameters>,,</ownDataTypeParameters>
<previousColumn>false</previousColumn>
<autoIncrementCycle>false</autoIncrementCycle>
<associations>
<colAssociation fkAssociation="6314E289-78E7-8933-55BE-40153A3CA72A" referredColumn="F496CC45-5F05-14C4-F144-072759A46390"/>
</associations>
</Column>
</columns>
<indexes itemClass="oracle.dbtools.crest.model.design.relational.Index">
<ind_PK_UK id="21314071-59A0-FA72-FF0B-A272F9949FFB" name="Evento_PK">
<createdBy>Kike</createdBy>
<createdTime>2022-04-06 20:51:43 UTC</createdTime>
<generatorID>7189DD6C-BD10-C091-93C3-0A57A18440B0</generatorID>
<ownerDesignName>model_relacional</ownerDesignName>
<pk>true</pk>
<indexState>Primary Constraint</indexState>
<isSurrogateKey>false</isSurrogateKey>
<indexColumnUsage>
<colUsage columnID="1D6AAAA8-2F16-9755-638F-A2B684CD3435"/>
</indexColumnUsage>
</ind_PK_UK>
<ind_PK_UK id="C5D5713F-E7CA-FD2E-6B3C-750926E8CBDF" name="Evento_Usuario_FK">
<createdBy>Kike</createdBy>
<createdTime>2022-04-06 20:51:43 UTC</createdTime>
<generatorID>B3A633E5-2F66-1F5D-700F-758920A2A113</generatorID>
<ownerDesignName>model_relacional</ownerDesignName>
<indexState>Foreign Key</indexState>
<isSurrogateKey>false</isSurrogateKey>
<indexColumnUsage>
<colUsage columnID="C6548D20-B24A-1ABF-7B27-08D91AB7EB84"/>
</indexColumnUsage>
</ind_PK_UK>
</indexes>
</Table>